INSERT  IGNORE INTO `content_blocks` (`id`, `name`, `type`, `is_system`, `content`, `properties`, `styles`, `created`, `modified`) VALUES (1,'Header','header',1,'','{}','{\"desktop\":{\"base\":{\"height\":\"100px\"}},\"tablet\":{\"base\":[]},\"mobile-h\":{\"base\":[]},\"mobile-v\":{\"base\":[]}}','2014-03-20 00:00:00','2017-09-19 06:42:22'),(2,'Footer','footer',1,'','{\"sticky\":1}','{\"desktop\":{\"base\":{\"height\":\"100px\"}},\"tablet\":{\"base\":[]},\"mobile-h\":{\"base\":[]},\"mobile-v\":{\"base\":[]}}','2014-03-20 00:00:00','2017-09-19 06:42:26'),(3,'Body','body',1,'','','','2014-03-20 00:00:00','2014-04-30 14:40:09'),(4,'Sidebar 1','sidebar',1,'','{\"size\":\"2\"}','','2014-03-27 14:22:34','2014-04-30 14:40:09'),(5,'Sidebar 2','sidebar',1,'','{\"size\":\"2\"}','','2014-03-27 14:52:20','2014-07-01 08:47:10');
INSERT  IGNORE INTO `media_folders` (`id`, `name`, `parent_id`, `order`, `created`, `modified`, `del`) VALUES (1,'home',0,0,'2017-09-19 07:38:35','2017-09-19 07:38:35',0),(2,'system page',0,0,'2017-09-19 11:36:44','2017-09-19 11:36:44',0);
INSERT  IGNORE INTO `media_items` (`id`, `folder_id`, `name`, `path`, `type`, `filesize`, `properties`, `thumbnails`, `title`, `caption`, `alt`, `author_id`, `is_protected`, `created`, `modified`, `del`) VALUES (145,1,'mt-1174-home-gallery-img1.jpg','2017/09/mt-1174-home-gallery-img1.jpg','image',345550,'{\"video\":{\"dataformat\":\"jpg\",\"lossless\":false,\"bits_per_sample\":24,\"pixel_aspect_ratio\":1,\"resolution_x\":1000,\"resolution_y\":669,\"compression_ratio\":0.17217239661186},\"encoding\":\"UTF-8\",\"mime_type\":\"image\\/jpeg\"}','{\"s\":{\"width\":125,\"height\":83},\"m\":{\"width\":300,\"height\":200}}','','','',1,1,'2017-09-19 07:38:53','2017-09-19 07:38:53',0),(146,1,'mt-1174-home-gallery-img2.jpg','2017/09/mt-1174-home-gallery-img2.jpg','image',148004,'{\"video\":{\"dataformat\":\"jpg\",\"lossless\":false,\"bits_per_sample\":24,\"pixel_aspect_ratio\":1,\"resolution_x\":1000,\"resolution_y\":665,\"compression_ratio\":0.074187468671679},\"encoding\":\"UTF-8\",\"mime_type\":\"image\\/jpeg\"}','{\"s\":{\"width\":125,\"height\":83},\"m\":{\"width\":300,\"height\":199}}','','','',1,1,'2017-09-19 07:38:53','2017-09-19 07:38:53',0),(147,1,'mt-1174-home-gallery-img4.jpg','2017/09/mt-1174-home-gallery-img4.jpg','image',283610,'{\"video\":{\"dataformat\":\"jpg\",\"lossless\":false,\"bits_per_sample\":24,\"pixel_aspect_ratio\":1,\"resolution_x\":1000,\"resolution_y\":667,\"compression_ratio\":0.14173413293353},\"encoding\":\"UTF-8\",\"mime_type\":\"image\\/jpeg\"}','{\"s\":{\"width\":125,\"height\":83},\"m\":{\"width\":300,\"height\":200}}','','','',1,1,'2017-09-19 07:38:53','2017-09-19 07:38:53',0),(148,1,'mt-1174-home-gallery-img3.jpg','2017/09/mt-1174-home-gallery-img3.jpg','image',427285,'{\"video\":{\"dataformat\":\"jpg\",\"lossless\":false,\"bits_per_sample\":24,\"pixel_aspect_ratio\":1,\"resolution_x\":1000,\"resolution_y\":669,\"compression_ratio\":0.21289735924265},\"encoding\":\"UTF-8\",\"mime_type\":\"image\\/jpeg\"}','{\"s\":{\"width\":125,\"height\":83},\"m\":{\"width\":300,\"height\":200}}','','','',1,1,'2017-09-19 07:38:53','2017-09-19 07:38:53',0),(149,1,'mt-1174-home-gallery-img5.jpg','2017/09/mt-1174-home-gallery-img5.jpg','image',419864,'{\"video\":{\"dataformat\":\"jpg\",\"lossless\":false,\"bits_per_sample\":24,\"pixel_aspect_ratio\":1,\"resolution_x\":1000,\"resolution_y\":724,\"compression_ratio\":0.19330755064457},\"encoding\":\"UTF-8\",\"mime_type\":\"image\\/jpeg\"}','{\"s\":{\"width\":125,\"height\":90},\"m\":{\"width\":300,\"height\":217}}','','','',1,1,'2017-09-19 07:38:54','2017-09-19 07:38:54',0),(150,1,'mt-1174-home-gallery-img6.jpg','2017/09/mt-1174-home-gallery-img6.jpg','image',531988,'{\"video\":{\"dataformat\":\"jpg\",\"lossless\":false,\"bits_per_sample\":24,\"pixel_aspect_ratio\":1,\"resolution_x\":1000,\"resolution_y\":708,\"compression_ratio\":0.25046516007533},\"encoding\":\"UTF-8\",\"mime_type\":\"image\\/jpeg\"}','{\"s\":{\"width\":125,\"height\":88},\"m\":{\"width\":300,\"height\":212}}','','','',1,1,'2017-09-19 07:38:54','2017-09-19 07:38:54',0),(151,1,'mt-1174-home-gallery-img7.jpg','2017/09/mt-1174-home-gallery-img7.jpg','image',289754,'{\"video\":{\"dataformat\":\"jpg\",\"lossless\":false,\"bits_per_sample\":24,\"pixel_aspect_ratio\":1,\"resolution_x\":1000,\"resolution_y\":668,\"compression_ratio\":0.1445878243513},\"encoding\":\"UTF-8\",\"mime_type\":\"image\\/jpeg\"}','{\"s\":{\"width\":125,\"height\":83},\"m\":{\"width\":300,\"height\":200}}','','','',1,1,'2017-09-19 07:38:55','2017-09-19 07:38:55',0),(152,1,'mt-1174-home-gallery-img8.jpg','2017/09/mt-1174-home-gallery-img8.jpg','image',271889,'{\"video\":{\"dataformat\":\"jpg\",\"lossless\":false,\"bits_per_sample\":24,\"pixel_aspect_ratio\":1,\"resolution_x\":1000,\"resolution_y\":667,\"compression_ratio\":0.13587656171914},\"encoding\":\"UTF-8\",\"mime_type\":\"image\\/jpeg\"}','{\"s\":{\"width\":125,\"height\":83},\"m\":{\"width\":300,\"height\":200}}','','','',1,1,'2017-09-19 07:38:55','2017-09-19 07:38:55',0),(153,1,'mt-1174-home-gallery-small1.jpg','2017/09/mt-1174-home-gallery-small1.jpg','image',32433,'{\"video\":{\"dataformat\":\"jpg\",\"lossless\":false,\"bits_per_sample\":24,\"pixel_aspect_ratio\":1,\"resolution_x\":280,\"resolution_y\":213,\"compression_ratio\":0.18127095908786},\"encoding\":\"UTF-8\",\"mime_type\":\"image\\/jpeg\"}','{\"s\":{\"width\":125,\"height\":95}}','','','',1,1,'2017-09-19 07:38:56','2017-09-19 07:38:56',0),(154,1,'mt-1174-home-gallery-small2.jpg','2017/09/mt-1174-home-gallery-small2.jpg','image',25122,'{\"video\":{\"dataformat\":\"jpg\",\"lossless\":false,\"bits_per_sample\":24,\"pixel_aspect_ratio\":1,\"resolution_x\":280,\"resolution_y\":213,\"compression_ratio\":0.14040912139504},\"encoding\":\"UTF-8\",\"mime_type\":\"image\\/jpeg\"}','{\"s\":{\"width\":125,\"height\":95}}','','','',1,1,'2017-09-19 07:38:56','2017-09-19 07:38:56',0),(155,1,'mt-1174-home-gallery-small3.jpg','2017/09/mt-1174-home-gallery-small3.jpg','image',53267,'{\"video\":{\"dataformat\":\"jpg\",\"lossless\":false,\"bits_per_sample\":24,\"pixel_aspect_ratio\":1,\"resolution_x\":280,\"resolution_y\":213,\"compression_ratio\":0.29771406215068},\"encoding\":\"UTF-8\",\"mime_type\":\"image\\/jpeg\"}','{\"s\":{\"width\":125,\"height\":95}}','','','',1,1,'2017-09-19 07:38:56','2017-09-19 07:38:56',0),(156,1,'mt-1174-home-gallery-small4.jpg','2017/09/mt-1174-home-gallery-small4.jpg','image',39363,'{\"video\":{\"dataformat\":\"jpg\",\"lossless\":false,\"bits_per_sample\":24,\"pixel_aspect_ratio\":1,\"resolution_x\":280,\"resolution_y\":213,\"compression_ratio\":0.22000335345406},\"encoding\":\"UTF-8\",\"mime_type\":\"image\\/jpeg\"}','{\"s\":{\"width\":125,\"height\":95}}','','','',1,1,'2017-09-19 07:38:56','2017-09-19 07:38:56',0),(157,1,'mt-1174-home-gallery-small5.jpg','2017/09/mt-1174-home-gallery-small5.jpg','image',45462,'{\"video\":{\"dataformat\":\"jpg\",\"lossless\":false,\"bits_per_sample\":24,\"pixel_aspect_ratio\":1,\"resolution_x\":280,\"resolution_y\":213,\"compression_ratio\":0.25409121395037},\"encoding\":\"UTF-8\",\"mime_type\":\"image\\/jpeg\"}','{\"s\":{\"width\":125,\"height\":95}}','','','',1,1,'2017-09-19 07:38:57','2017-09-19 07:38:57',0),(158,1,'mt-1174-home-gallery-small6.jpg','2017/09/mt-1174-home-gallery-small6.jpg','image',51419,'{\"video\":{\"dataformat\":\"jpg\",\"lossless\":false,\"bits_per_sample\":24,\"pixel_aspect_ratio\":1,\"resolution_x\":280,\"resolution_y\":213,\"compression_ratio\":0.28738542365303},\"encoding\":\"UTF-8\",\"mime_type\":\"image\\/jpeg\"}','{\"s\":{\"width\":125,\"height\":95}}','','','',1,1,'2017-09-19 07:38:57','2017-09-19 07:38:57',0),(159,1,'mt-1174-home-gallery-small7.jpg','2017/09/mt-1174-home-gallery-small7.jpg','image',28337,'{\"video\":{\"dataformat\":\"jpg\",\"lossless\":false,\"bits_per_sample\":24,\"pixel_aspect_ratio\":1,\"resolution_x\":280,\"resolution_y\":213,\"compression_ratio\":0.1583780460541},\"encoding\":\"UTF-8\",\"mime_type\":\"image\\/jpeg\"}','{\"s\":{\"width\":125,\"height\":95}}','','','',1,1,'2017-09-19 07:38:57','2017-09-19 07:38:57',0),(160,1,'mt-1174-home-gallery-small8.jpg','2017/09/mt-1174-home-gallery-small8.jpg','image',31373,'{\"video\":{\"dataformat\":\"jpg\",\"lossless\":false,\"bits_per_sample\":24,\"pixel_aspect_ratio\":1,\"resolution_x\":280,\"resolution_y\":213,\"compression_ratio\":0.17534652358596},\"encoding\":\"UTF-8\",\"mime_type\":\"image\\/jpeg\"}','{\"s\":{\"width\":125,\"height\":95}}','','','',1,1,'2017-09-19 07:38:57','2017-09-19 07:38:57',0),(161,1,'mt-1174-home-header-bg.jpg','2017/09/mt-1174-home-header-bg.jpg','image',520808,'{\"video\":{\"dataformat\":\"jpg\",\"lossless\":false,\"bits_per_sample\":24,\"pixel_aspect_ratio\":1,\"resolution_x\":1920,\"resolution_y\":960,\"compression_ratio\":0.094185474537037},\"encoding\":\"UTF-8\",\"mime_type\":\"image\\/jpeg\"}','{\"s\":{\"width\":125,\"height\":62},\"m\":{\"width\":300,\"height\":150},\"l\":{\"width\":1200,\"height\":600}}','','','',1,1,'2017-09-19 07:38:58','2017-09-19 07:38:58',0),(162,1,'mt-1174-home-help-people.jpg','2017/09/mt-1174-home-help-people.jpg','image',160284,'{\"video\":{\"dataformat\":\"jpg\",\"lossless\":false,\"bits_per_sample\":24,\"pixel_aspect_ratio\":1,\"resolution_x\":642,\"resolution_y\":465,\"compression_ratio\":0.17897028774328},\"encoding\":\"UTF-8\",\"mime_type\":\"image\\/jpeg\"}','{\"s\":{\"width\":125,\"height\":90},\"m\":{\"width\":300,\"height\":217}}','','','',1,1,'2017-09-19 07:38:59','2017-09-19 07:38:59',0),(163,1,'mt-1174-home-icon1.png','2017/09/mt-1174-home-icon1.png','image',4732,'{\"video\":{\"dataformat\":\"png\",\"lossless\":false,\"resolution_x\":92,\"resolution_y\":101,\"bits_per_sample\":32,\"compression_ratio\":0.12731381833836},\"encoding\":\"UTF-8\",\"mime_type\":\"image\\/png\"}','{}','','','',1,1,'2017-09-19 07:38:59','2017-09-19 07:38:59',0),(164,1,'mt-1174-home-icon2.png','2017/09/mt-1174-home-icon2.png','image',4448,'{\"video\":{\"dataformat\":\"png\",\"lossless\":false,\"resolution_x\":100,\"resolution_y\":101,\"bits_per_sample\":32,\"compression_ratio\":0.11009900990099},\"encoding\":\"UTF-8\",\"mime_type\":\"image\\/png\"}','{}','','','',1,1,'2017-09-19 07:38:59','2017-09-19 07:38:59',0),(165,1,'mt-1174-home-icon3.png','2017/09/mt-1174-home-icon3.png','image',4465,'{\"video\":{\"dataformat\":\"png\",\"lossless\":false,\"resolution_x\":104,\"resolution_y\":101,\"bits_per_sample\":32,\"compression_ratio\":0.10626904036558},\"encoding\":\"UTF-8\",\"mime_type\":\"image\\/png\"}','{}','','','',1,1,'2017-09-19 07:39:00','2017-09-19 07:39:00',0),(166,1,'mt-1174-home-logo.png','2017/09/mt-1174-home-logo.png','image',3831,'{\"video\":{\"dataformat\":\"png\",\"lossless\":false,\"resolution_x\":70,\"resolution_y\":70,\"bits_per_sample\":32,\"compression_ratio\":0.19545918367347},\"encoding\":\"UTF-8\",\"mime_type\":\"image\\/png\"}','{}','','','',1,1,'2017-09-19 07:39:00','2017-09-19 07:39:00',0),(172,1,'mt-1174-home-parallax1.jpg','2017/09/mt-1174-home-parallax1.jpg','image',333528,'{\"video\":{\"dataformat\":\"jpg\",\"lossless\":false,\"bits_per_sample\":24,\"pixel_aspect_ratio\":1,\"resolution_x\":1920,\"resolution_y\":1177,\"compression_ratio\":0.049196403285188},\"encoding\":\"UTF-8\",\"mime_type\":\"image\\/jpeg\"}','{\"s\":{\"width\":125,\"height\":76},\"m\":{\"width\":300,\"height\":183},\"l\":{\"width\":1200,\"height\":735}}','','','',1,1,'2017-09-19 07:39:02','2017-09-19 07:39:02',0),(173,1,'mt-1174-home-what-we-do1.jpg','2017/09/mt-1174-home-what-we-do1.jpg','image',35295,'{\"video\":{\"dataformat\":\"jpg\",\"lossless\":false,\"bits_per_sample\":24,\"pixel_aspect_ratio\":1,\"resolution_x\":380,\"resolution_y\":250,\"compression_ratio\":0.12384210526316},\"encoding\":\"UTF-8\",\"mime_type\":\"image\\/jpeg\"}','{\"s\":{\"width\":125,\"height\":82},\"m\":{\"width\":300,\"height\":197}}','','','',1,1,'2017-09-19 07:39:02','2017-09-19 07:39:02',0),(174,1,'mt-1174-home-what-we-do2.jpg','2017/09/mt-1174-home-what-we-do2.jpg','image',73911,'{\"video\":{\"dataformat\":\"jpg\",\"lossless\":false,\"bits_per_sample\":24,\"pixel_aspect_ratio\":1,\"resolution_x\":380,\"resolution_y\":250,\"compression_ratio\":0.25933684210526},\"encoding\":\"UTF-8\",\"mime_type\":\"image\\/jpeg\"}','{\"s\":{\"width\":125,\"height\":82},\"m\":{\"width\":300,\"height\":197}}','','','',1,1,'2017-09-19 07:39:03','2017-09-19 07:39:03',0),(175,1,'mt-1174-home-what-we-do3.jpg','2017/09/mt-1174-home-what-we-do3.jpg','image',65876,'{\"video\":{\"dataformat\":\"jpg\",\"lossless\":false,\"bits_per_sample\":24,\"pixel_aspect_ratio\":1,\"resolution_x\":380,\"resolution_y\":250,\"compression_ratio\":0.23114385964912},\"encoding\":\"UTF-8\",\"mime_type\":\"image\\/jpeg\"}','{\"s\":{\"width\":125,\"height\":82},\"m\":{\"width\":300,\"height\":197}}','','','',1,1,'2017-09-19 07:39:03','2017-09-19 07:39:03',0),(176,1,'mt-1174-home-carousel.png','2017/09/mt-1174-home-carousel.png','image',929,'{\"video\":{\"dataformat\":\"png\",\"lossless\":false,\"resolution_x\":150,\"resolution_y\":1,\"bits_per_sample\":32,\"compression_ratio\":1.5483333333333},\"encoding\":\"UTF-8\",\"mime_type\":\"image\\/png\"}','{}','','','',1,1,'2017-09-19 08:06:41','2017-09-19 08:06:41',0),(181,1,'mt-1174-home-our-donors2_1.jpg','2017/09/mt-1174-home-our-donors2_1.jpg','image',25335,'{\"video\":{\"dataformat\":\"jpg\",\"lossless\":false,\"bits_per_sample\":24,\"pixel_aspect_ratio\":1,\"resolution_x\":280,\"resolution_y\":280,\"compression_ratio\":0.10771683673469},\"encoding\":\"UTF-8\",\"mime_type\":\"image\\/jpeg\"}','{\"s\":{\"width\":125,\"height\":125}}','','','',1,1,'2017-09-19 08:40:14','2017-09-19 08:40:14',0),(182,1,'mt-1174-home-our-donors1_1.jpg','2017/09/mt-1174-home-our-donors1_1.jpg','image',37210,'{\"video\":{\"dataformat\":\"jpg\",\"lossless\":false,\"bits_per_sample\":24,\"pixel_aspect_ratio\":1,\"resolution_x\":280,\"resolution_y\":280,\"compression_ratio\":0.15820578231293},\"encoding\":\"UTF-8\",\"mime_type\":\"image\\/jpeg\"}','{\"s\":{\"width\":125,\"height\":125}}','','','',1,1,'2017-09-19 08:40:14','2017-09-19 08:40:14',0),(183,1,'mt-1174-home-our-donors3_1.jpg','2017/09/mt-1174-home-our-donors3_1.jpg','image',27612,'{\"video\":{\"dataformat\":\"jpg\",\"lossless\":false,\"bits_per_sample\":24,\"pixel_aspect_ratio\":1,\"resolution_x\":280,\"resolution_y\":280,\"compression_ratio\":0.11739795918367},\"encoding\":\"UTF-8\",\"mime_type\":\"image\\/jpeg\"}','{\"s\":{\"width\":125,\"height\":125}}','','','',1,1,'2017-09-19 08:40:14','2017-09-19 08:40:14',0),(184,1,'mt-1174-home-our-donors4_1.jpg','2017/09/mt-1174-home-our-donors4_1.jpg','image',22700,'{\"video\":{\"dataformat\":\"jpg\",\"lossless\":false,\"bits_per_sample\":24,\"pixel_aspect_ratio\":1,\"resolution_x\":280,\"resolution_y\":280,\"compression_ratio\":0.096513605442177},\"encoding\":\"UTF-8\",\"mime_type\":\"image\\/jpeg\"}','{\"s\":{\"width\":125,\"height\":125}}','','','',1,1,'2017-09-19 08:40:14','2017-09-19 08:40:14',0),(185,1,'mt-1174-home-our-donors5_1.jpg','2017/09/mt-1174-home-our-donors5_1.jpg','image',30583,'{\"video\":{\"dataformat\":\"jpg\",\"lossless\":false,\"bits_per_sample\":24,\"pixel_aspect_ratio\":1,\"resolution_x\":280,\"resolution_y\":280,\"compression_ratio\":0.13002976190476},\"encoding\":\"UTF-8\",\"mime_type\":\"image\\/jpeg\"}','{\"s\":{\"width\":125,\"height\":125}}','','','',1,1,'2017-09-19 08:42:04','2017-09-19 08:42:04',0),(186,1,'mt-1174-favicon.ico','2017/09/mt-1174-favicon.ico','image',1150,'{\"encoding\":\"UTF-8\",\"video\":{\"resolution_x\":16,\"resolution_y\":16}}','{}','','','',1,0,'2017-09-19 11:06:13','2017-09-19 11:06:13',0),(187,2,'mt-1174-system-page-bg.jpg','2017/09/mt-1174-system-page-bg.jpg','image',662706,'{\"video\":{\"dataformat\":\"jpg\",\"lossless\":false,\"bits_per_sample\":24,\"pixel_aspect_ratio\":1,\"resolution_x\":1920,\"resolution_y\":1280,\"compression_ratio\":0.08988525390625},\"encoding\":\"UTF-8\",\"mime_type\":\"image\\/jpeg\"}','{\"s\":{\"width\":125,\"height\":83},\"m\":{\"width\":300,\"height\":200},\"l\":{\"width\":1200,\"height\":800}}','','','',1,1,'2017-09-19 11:36:52','2017-09-19 11:36:52',0);
INSERT  IGNORE INTO `menu_items` (`id`, `menu_id`, `parent_id`, `label`, `action`, `properties`, `order`, `status`, `created`, `modified`) VALUES (61,1,0,'About','page','{\"id\":1,\"target\":\"_self\",\"nofollow\":false,\"anchor\":\"about\"}',1,'publish','2015-11-17 21:17:07','2017-09-19 11:09:28'),(73,1,0,'Events','page','{\"id\":1,\"target\":\"_self\",\"nofollow\":false,\"anchor\":\"events\"}',3,'publish','2016-05-31 12:31:46','2017-09-19 11:09:28'),(74,1,0,'Donors','page','{\"id\":1,\"target\":\"_self\",\"nofollow\":false,\"anchor\":\"donors\"}',4,'publish','2016-05-31 12:34:30','2017-09-19 11:09:28'),(79,1,0,'Home','page','{\"id\":1,\"target\":\"_self\",\"nofollow\":false,\"anchor\":\"\"}',0,'publish','2016-09-04 16:01:43','2017-09-19 11:09:28'),(85,1,0,'Causes','page','{\"id\":1,\"target\":\"_self\",\"nofollow\":false,\"anchor\":\"causes\"}',2,'publish','2017-01-12 15:28:36','2017-09-19 11:09:28');
INSERT  IGNORE INTO `menus` (`id`, `name`, `is_system`, `created`, `modified`) VALUES (1,'Main Menu',1,'2014-09-18 07:56:21','2017-09-19 11:09:28');
INSERT  IGNORE INTO `pages` (`id`, `name`, `url`, `title`, `author_id`, `parent_id`, `is_system`, `lft`, `rgt`, `level`, `content`, `type`, `status`, `visibility`, `properties`, `layout`, `header_id`, `footer_id`, `styles`, `background_id`, `background`, `short_description`, `published`, `modified`, `created`, `_level`) VALUES (1,'Home','home','Home',1,0,0,NULL,NULL,0,'<div class=\"moto-widget moto-widget-block moto-bg-color5_5 moto-spacing-top-auto moto-spacing-right-auto moto-spacing-bottom-auto moto-spacing-left-auto\" data-widget=\"block\" data-spacing=\"aaaa\" style=\"\" data-moto-sticky=\"{}\">\n    \n    <div class=\"container-fluid\">\n        <div class=\"row\">\n            <div class=\"moto-cell col-sm-12\" data-container=\"container\">\n                \n            {{ widget(\"spacer\", {\"preset\":\"default\",\"height\":\"10px\",\"spacing\":{\"top\":\"small\",\"right\":\"auto\",\"bottom\":\"auto\",\"left\":\"auto\"},\"visible_on\":\"desktop\"}) }}<div class=\"moto-widget moto-widget-row row-fixed moto-justify-content_center moto-spacing-top-auto moto-spacing-right-auto moto-spacing-bottom-auto moto-spacing-left-auto\" data-grid-type=\"sm\" data-widget=\"row\" data-spacing=\"aaaa\" style=\"\">\n    \n    <div class=\"container-fluid\">\n        <div class=\"row\" data-container=\"container\">\n            \n                \n                    <div class=\"moto-widget moto-widget-row__column moto-cell col-sm-3 moto-spacing-top-auto moto-spacing-right-auto moto-spacing-bottom-auto moto-spacing-left-auto\" style=\"\" data-widget=\"row.column\" data-container=\"container\" data-spacing=\"aaaa\">\n    \n<div class=\"moto-widget moto-widget-row row-gutter-0 moto-justify-content_center moto-spacing-top-small moto-spacing-right-auto moto-spacing-bottom-small moto-spacing-left-auto\" data-grid-type=\"xs\" data-widget=\"row\" data-spacing=\"sasa\" style=\"\">\n    \n    <div class=\"container-fluid\">\n        <div class=\"row\" data-container=\"container\">\n            \n                \n                    <div class=\"moto-widget moto-widget-row__column moto-cell col-xs-3 moto-spacing-top-auto moto-spacing-right-auto moto-spacing-bottom-auto moto-spacing-left-auto\" style=\"\" data-widget=\"row.column\" data-container=\"container\" data-spacing=\"aaaa\">\n    \n{{ widget(\"image\", {\"id\":166,\"src\":\"2017/09/mt-1174-home-logo.png\",\"alt\":\"\",\"title\":\"\",\"align\":{\"desktop\":\"\",\"tablet\":\"\",\"mobile-v\":\"\",\"mobile-h\":\"\"},\"preset\":\"default\",\"thumbnail\":\"\",\"animation\":\"\",\"link\":{\"action\":\"page\",\"properties\":{\"id\":1,\"target\":\"_self\",\"email\":\"\",\"subject\":\"\",\"body\":\"\"}},\"spacing\":{\"top\":\"auto\",\"right\":\"auto\",\"bottom\":\"auto\",\"left\":\"auto\"}}) }}</div><div class=\"moto-widget moto-widget-row__column moto-cell col-xs-9 moto-spacing-top-auto moto-spacing-right-auto moto-spacing-bottom-auto moto-spacing-left-auto\" style=\"\" data-widget=\"row.column\" data-container=\"container\" data-spacing=\"aaaa\">\n    \n<div class=\"moto-widget moto-widget-text moto-preset-default moto-spacing-top-small moto-spacing-right-auto moto-spacing-bottom-small moto-spacing-left-small\" data-widget=\"text\" data-preset=\"default\" data-spacing=\"sass\" data-animation=\"\">\n    <div class=\"moto-widget-text-content moto-widget-text-editable\"><p class=\"moto-text_system_1\"><a href=\"{{ Linker.pageLink(\'1\',\'/landing/mt-1174/\') }}\" data-action=\"page\" data-id=\"1\" class=\"moto-link\">Merciful</a><br></p><p class=\"moto-text_system_2\"><a href=\"{{ Linker.pageLink(\'1\',\'/landing/mt-1174/\') }}\" data-action=\"page\" data-id=\"1\" class=\"moto-link\">Charity Organization</a><br></p></div>\n</div></div>\n\n                \n            \n        </div>\n    </div>\n</div></div><div class=\"moto-widget moto-widget-row__column moto-cell col-sm-6 moto-spacing-top-auto moto-spacing-right-auto moto-spacing-bottom-auto moto-spacing-left-auto\" style=\"\" data-widget=\"row.column\" data-container=\"container\" data-spacing=\"aaaa\">\n    \n{{ widget(\"menu\", {\"id\":1,\"preset\":\"default\",\"align\":{\"desktop\":\"center\",\"tablet\":\"\",\"mobile-v\":\"\",\"mobile-h\":\"\"},\"spacing\":{\"top\":\"small\",\"right\":\"auto\",\"bottom\":\"small\",\"left\":\"auto\"},\"link\":{\"action\":null,\"properties\":null},\"label\":\"\",\"animation\":\"\"}) }}</div><div class=\"moto-widget moto-widget-row__column moto-cell col-sm-3 moto-spacing-top-auto moto-spacing-right-auto moto-spacing-bottom-auto moto-spacing-left-auto\" style=\"\" data-widget=\"row.column\" data-container=\"container\" data-spacing=\"aaaa\">\n    \n{{ widget(\"button\", {\"link\":{\"action\":\"page\",\"properties\":{\"id\":1,\"target\":\"_self\",\"email\":\"\",\"subject\":\"\",\"body\":\"\",\"anchor\":\"contacts\"}},\"label\":\"Donate Now!\",\"align\":{\"desktop\":\"right\",\"tablet\":\"\",\"mobile-v\":\"\",\"mobile-h\":\"center\"},\"size\":\"medium\",\"preset\":\"default\",\"animation\":\"\",\"spacing\":{\"top\":\"small\",\"right\":\"auto\",\"bottom\":\"small\",\"left\":\"auto\"},\"icon\":null}) }}</div>\n\n                \n            \n        </div>\n    </div>\n</div>{{ widget(\"spacer\", {\"preset\":\"default\",\"height\":\"10px\",\"spacing\":{\"top\":\"small\",\"right\":\"auto\",\"bottom\":\"auto\",\"left\":\"auto\"},\"visible_on\":\"desktop\"}) }}{{ widget(\"divider_horizontal\", {\"align\":{\"desktop\":\"left\",\"tablet\":\"\",\"mobile-v\":\"\",\"mobile-h\":\"\"},\"preset\":\"3\",\"width\":\"100\",\"animation\":\"\",\"spacing\":{\"top\":\"auto\",\"right\":\"auto\",\"bottom\":\"auto\",\"left\":\"auto\"}}) }}</div>\n        </div>\n    </div>\n</div><div class=\"moto-widget moto-widget-block moto-background-fixed moto-spacing-top-auto moto-spacing-right-auto moto-spacing-bottom-auto moto-spacing-left-auto\" data-widget=\"block\" data-spacing=\"aaaa\" style=\"background-image:url({{Linker.img(\'2017/09/mt-1174-home-header-bg.jpg\')}});background-position:top;background-repeat:no-repeat;background-size:cover;\" data-bg-image=\"2017/09/mt-1174-home-header-bg.jpg\">\n    \n    <div class=\"container-fluid\">\n        <div class=\"row\">\n            <div class=\"moto-cell col-sm-12\" data-container=\"container\">\n                \n            {{ widget(\"spacer\", {\"preset\":\"default\",\"height\":\"10px\",\"spacing\":{\"top\":\"large\",\"right\":\"auto\",\"bottom\":\"auto\",\"left\":\"auto\"},\"visible_on\":\"tablet\"}) }}<div class=\"moto-widget moto-widget-row row-fixed moto-spacing-top-large moto-spacing-right-auto moto-spacing-bottom-large moto-spacing-left-auto\" data-grid-type=\"sm\" data-widget=\"row\" data-spacing=\"lala\" style=\"\">\n    \n    <div class=\"container-fluid\">\n        <div class=\"row\" data-container=\"container\">\n            \n                \n                    <div class=\"moto-widget moto-widget-row__column moto-cell col-sm-10 moto-spacing-top-auto moto-spacing-right-auto moto-spacing-bottom-auto moto-spacing-left-auto\" style=\"\" data-widget=\"row.column\" data-container=\"container\" data-spacing=\"aaaa\">\n    \n<div class=\"moto-widget moto-widget-text moto-preset-default moto-spacing-top-auto moto-spacing-right-auto moto-spacing-bottom-small moto-spacing-left-auto\" data-widget=\"text\" data-preset=\"default\" data-spacing=\"aasa\" data-animation=\"\">\n    <div class=\"moto-widget-text-content moto-widget-text-editable\"><p class=\"moto-text_system_4\">Non-profit organization</p><p class=\"moto-text_system_9\">Every charitable act is a stepping stone towards heaven<br></p></div>\n</div><div class=\"moto-widget moto-widget-row moto-spacing-top-auto moto-spacing-right-auto moto-spacing-bottom-auto moto-spacing-left-auto\" data-grid-type=\"sm\" data-widget=\"row\" data-spacing=\"aaaa\" style=\"\">\n    \n    <div class=\"container-fluid\">\n        <div class=\"row\" data-container=\"container\">\n            \n                \n                    <div class=\"moto-widget moto-widget-row__column moto-cell col-sm-3 moto-spacing-top-auto moto-spacing-right-auto moto-spacing-bottom-auto moto-spacing-left-auto\" style=\"\" data-widget=\"row.column\" data-container=\"container\" data-spacing=\"aaaa\">\n    \n{{ widget(\"button\", {\"link\":{\"action\":\"page\",\"properties\":{\"id\":1,\"target\":\"_self\",\"email\":\"\",\"subject\":\"\",\"body\":\"\",\"anchor\":\"about\"}},\"label\":\"What We Do\",\"align\":{\"desktop\":\"left\",\"tablet\":\"\",\"mobile-v\":\"\",\"mobile-h\":\"center\"},\"size\":\"medium\",\"preset\":\"default\",\"animation\":\"\",\"spacing\":{\"top\":\"small\",\"right\":\"auto\",\"bottom\":\"auto\",\"left\":\"auto\"},\"icon\":null}) }}</div><div class=\"moto-widget moto-widget-row__column moto-cell col-sm-9 moto-spacing-top-auto moto-spacing-right-auto moto-spacing-bottom-auto moto-spacing-left-auto\" style=\"\" data-widget=\"row.column\" data-container=\"container\" data-spacing=\"aaaa\">\n    \n{{ widget(\"button\", {\"link\":{\"action\":\"url\",\"properties\":{\"id\":\"\",\"target\":\"_blank\",\"email\":\"\",\"subject\":\"\",\"body\":\"\",\"url\":\"https://www.youtube.com/watch?v=bbi7bi5Xbfs&feature=youtu.be \",\"nofollow\":false}},\"label\":\"Watch Video\",\"align\":{\"desktop\":\"left\",\"tablet\":\"\",\"mobile-v\":\"\",\"mobile-h\":\"center\"},\"size\":\"medium\",\"preset\":\"5\",\"animation\":\"\",\"spacing\":{\"top\":\"small\",\"right\":\"auto\",\"bottom\":\"auto\",\"left\":\"auto\"},\"icon\":null}) }}</div>\n\n                \n            \n        </div>\n    </div>\n</div></div><div class=\"moto-widget moto-widget-row__column moto-cell col-sm-2 moto-spacing-top-auto moto-spacing-right-auto moto-spacing-bottom-auto moto-spacing-left-auto\" style=\"\" data-widget=\"row.column\" data-container=\"container\" data-spacing=\"aaaa\">\n    \n</div>\n\n                \n            \n        </div>\n    </div>\n</div>{{ widget(\"spacer\", {\"preset\":\"default\",\"height\":\"10px\",\"spacing\":{\"top\":\"large\",\"right\":\"auto\",\"bottom\":\"auto\",\"left\":\"auto\"},\"visible_on\":\"tablet\"}) }}</div>\n        </div>\n    </div>\n</div><div class=\"moto-widget moto-widget-block moto-spacing-top-large moto-spacing-right-auto moto-spacing-bottom-large moto-spacing-left-auto\" data-widget=\"block\" data-spacing=\"lala\" style=\"\"><a class=\"moto-anchor\" name=\"about\"></a>\n    \n    <div class=\"container-fluid\">\n        <div class=\"row\">\n            <div class=\"moto-cell col-sm-12\" data-container=\"container\">\n                \n            <div class=\"moto-widget moto-widget-row row-fixed moto-spacing-top-auto moto-spacing-right-auto moto-spacing-bottom-medium moto-spacing-left-auto\" data-grid-type=\"sm\" data-widget=\"row\" data-spacing=\"aama\" style=\"\">\n    \n    <div class=\"container-fluid\">\n        <div class=\"row\" data-container=\"container\">\n            \n                \n                    <div class=\"moto-widget moto-widget-row__column moto-cell col-sm-9 moto-spacing-top-auto moto-spacing-right-auto moto-spacing-bottom-auto moto-spacing-left-auto\" style=\"\" data-widget=\"row.column\" data-container=\"container\" data-spacing=\"aaaa\">\n    \n<div class=\"moto-widget moto-widget-text moto-preset-default moto-spacing-top-auto moto-spacing-right-medium moto-spacing-bottom-auto moto-spacing-left-auto\" data-widget=\"text\" data-preset=\"default\" data-spacing=\"amaa\" data-animation=\"\">\n    <div class=\"moto-widget-text-content moto-widget-text-editable\"><p class=\"moto-text_system_6\">Merciful is the world’s №1 fundraising site for charitable causes</p></div>\n</div></div><div class=\"moto-widget moto-widget-row__column moto-cell col-sm-3 moto-spacing-top-auto moto-spacing-right-auto moto-spacing-bottom-auto moto-spacing-left-auto\" style=\"\" data-widget=\"row.column\" data-container=\"container\" data-spacing=\"aaaa\">\n    \n</div>\n\n                \n            \n        </div>\n    </div>\n</div><div class=\"moto-widget moto-widget-row row-fixed moto-spacing-top-auto moto-spacing-right-auto moto-spacing-bottom-auto moto-spacing-left-auto\" data-grid-type=\"sm\" data-widget=\"row\" data-spacing=\"aaaa\" style=\"\">\n    \n    <div class=\"container-fluid\">\n        <div class=\"row\" data-container=\"container\">\n            \n                \n                    <div class=\"moto-widget moto-widget-row__column moto-cell col-sm-4 moto-spacing-top-auto moto-spacing-right-auto moto-spacing-bottom-auto moto-spacing-left-auto\" style=\"\" data-widget=\"row.column\" data-container=\"container\" data-spacing=\"aaaa\">\n    \n{{ widget(\"image\", {\"id\":163,\"src\":\"2017/09/mt-1174-home-icon1.png\",\"alt\":\"\",\"title\":\"\",\"align\":{\"desktop\":\"center\",\"tablet\":\"\",\"mobile-v\":\"\",\"mobile-h\":\"\"},\"preset\":\"default\",\"thumbnail\":\"\",\"animation\":\"\",\"link\":{\"action\":\"none\",\"properties\":{\"id\":\"\",\"target\":\"_self\",\"email\":\"\",\"subject\":\"\",\"body\":\"\"}},\"spacing\":{\"top\":\"medium\",\"right\":\"auto\",\"bottom\":\"auto\",\"left\":\"auto\"}}) }}<div class=\"moto-widget moto-widget-text moto-preset-default moto-spacing-top-medium moto-spacing-right-small moto-spacing-bottom-auto moto-spacing-left-small\" data-widget=\"text\" data-preset=\"default\" data-spacing=\"msas\" data-animation=\"\">\n    <div class=\"moto-widget-text-content moto-widget-text-editable\"><p style=\"text-align: center;\" class=\"moto-text_system_7\">Make Donation<br></p><p style=\"text-align: center;\" class=\"moto-text_system_8\">Help us by making donation<br></p><p style=\"text-align: center;\" class=\"moto-text_normal\"><br></p><p style=\"text-align: center;\" class=\"moto-text_normal\">When you donate, you not only give money, but also share your love, and give hope to those in need.</p></div>\n</div></div>\n\n                \n            \n        <div class=\"moto-widget moto-widget-row__column moto-cell col-sm-4 moto-spacing-top-auto moto-spacing-right-auto moto-spacing-bottom-auto moto-spacing-left-auto\" style=\"\" data-widget=\"row.column\" data-container=\"container\" data-spacing=\"aaaa\">\n    \n        \n            {{ widget(\"image\", {\"id\":164,\"src\":\"2017/09/mt-1174-home-icon2.png\",\"alt\":\"\",\"title\":\"\",\"align\":{\"desktop\":\"center\",\"tablet\":\"\",\"mobile-v\":\"\",\"mobile-h\":\"\"},\"preset\":\"default\",\"thumbnail\":\"\",\"animation\":\"\",\"link\":{\"action\":\"none\",\"properties\":{\"id\":\"\",\"target\":\"_self\",\"email\":\"\",\"subject\":\"\",\"body\":\"\"}},\"spacing\":{\"top\":\"medium\",\"right\":\"auto\",\"bottom\":\"auto\",\"left\":\"auto\"}}) }}\n        \n    \n        \n            <div class=\"moto-widget moto-widget-text moto-preset-default moto-spacing-top-medium moto-spacing-right-small moto-spacing-bottom-auto moto-spacing-left-small\" data-widget=\"text\" data-preset=\"default\" data-spacing=\"msas\" data-animation=\"\">\n    <div class=\"moto-widget-text-content moto-widget-text-editable\"><p style=\"text-align: center;\" class=\"moto-text_system_7\">Volunteer</p><p style=\"text-align: center;\" class=\"moto-text_system_8\">Become a Volunteer</p><p style=\"text-align: center;\" class=\"moto-text_normal\"><br></p><p style=\"text-align: center;\" class=\"moto-text_normal\">We depend on volunteers from our local community, joining us you can both gain experience and help others.<br></p></div>\n</div>\n        \n    \n</div><div class=\"moto-widget moto-widget-row__column moto-cell col-sm-4 moto-spacing-top-auto moto-spacing-right-auto moto-spacing-bottom-auto moto-spacing-left-auto\" style=\"\" data-widget=\"row.column\" data-container=\"container\" data-spacing=\"aaaa\">\n    \n        \n            {{ widget(\"image\", {\"id\":165,\"src\":\"2017/09/mt-1174-home-icon3.png\",\"alt\":\"\",\"title\":\"\",\"align\":{\"desktop\":\"center\",\"tablet\":\"\",\"mobile-v\":\"\",\"mobile-h\":\"\"},\"preset\":\"default\",\"thumbnail\":\"\",\"animation\":\"\",\"link\":{\"action\":\"none\",\"properties\":{\"id\":\"\",\"target\":\"_self\",\"email\":\"\",\"subject\":\"\",\"body\":\"\"}},\"spacing\":{\"top\":\"medium\",\"right\":\"auto\",\"bottom\":\"auto\",\"left\":\"auto\"}}) }}\n        \n    \n        \n            <div class=\"moto-widget moto-widget-text moto-preset-default moto-spacing-top-medium moto-spacing-right-small moto-spacing-bottom-auto moto-spacing-left-small\" data-widget=\"text\" data-preset=\"default\" data-spacing=\"msas\" data-animation=\"\">\n    <div class=\"moto-widget-text-content moto-widget-text-editable\"><p style=\"text-align: center;\" class=\"moto-text_system_7\">Fundraising</p><p style=\"text-align: center;\" class=\"moto-text_system_8\">Collect Fund All Over the World</p><p style=\"text-align: center;\" class=\"moto-text_normal\"><br></p><p style=\"text-align: center;\" class=\"moto-text_normal\">We gather voluntary contributions to help<br>schools, churches, and other non-profit<br>organizations.<br></p></div>\n</div>\n        \n    \n</div></div>\n    </div>\n</div></div>\n        </div>\n    </div>\n</div><div class=\"moto-widget moto-widget-block moto-bg-color5_3 moto-spacing-top-auto moto-spacing-right-auto moto-spacing-bottom-auto moto-spacing-left-auto\" data-widget=\"block\" data-spacing=\"aaaa\" style=\"\"><a class=\"moto-anchor\" name=\"causes\"></a>\n    \n    <div class=\"container-fluid\">\n        <div class=\"row\">\n            <div class=\"moto-cell col-sm-12\" data-container=\"container\">\n                \n            {{ widget(\"spacer\", {\"preset\":\"default\",\"height\":\"30px\",\"spacing\":{\"top\":\"medium\",\"right\":\"auto\",\"bottom\":\"medium\",\"left\":\"auto\"},\"visible_on\":\"mobile-v\"}) }}<div class=\"moto-widget moto-widget-row row-fixed moto-spacing-top-auto moto-spacing-right-auto moto-spacing-bottom-auto moto-spacing-left-auto\" data-grid-type=\"sm\" data-widget=\"row\" data-spacing=\"aaaa\" style=\"\">\n    \n    <div class=\"container-fluid\">\n        <div class=\"row\" data-container=\"container\">\n            \n                \n                    <div class=\"moto-widget moto-widget-row__column moto-cell col-sm-7 moto-spacing-top-auto moto-spacing-right-auto moto-spacing-bottom-auto moto-spacing-left-auto\" style=\"\" data-widget=\"row.column\" data-container=\"container\" data-spacing=\"aaaa\">\n    \n{{ widget(\"image\", {\"id\":162,\"src\":\"2017/09/mt-1174-home-help-people.jpg\",\"alt\":\"\",\"title\":\"\",\"align\":{\"desktop\":\"left\",\"tablet\":\"\",\"mobile-v\":\"\",\"mobile-h\":\"center\"},\"preset\":\"default\",\"thumbnail\":\"\",\"animation\":\"\",\"link\":{\"action\":\"none\",\"properties\":{\"id\":\"\",\"target\":\"_self\",\"email\":\"\",\"subject\":\"\",\"body\":\"\"}},\"spacing\":{\"top\":\"small\",\"right\":\"auto\",\"bottom\":\"small\",\"left\":\"auto\"}}) }}</div><div class=\"moto-widget moto-widget-row__column moto-cell col-sm-5 moto-spacing-top-auto moto-spacing-right-auto moto-spacing-bottom-auto moto-spacing-left-auto\" style=\"\" data-widget=\"row.column\" data-container=\"container\" data-spacing=\"aaaa\">\n    \n{{ widget(\"carousel\", {\"preset\":\"2\",\"animation\":\"\",\"spacing\":{\"top\":\"small\",\"right\":\"auto\",\"bottom\":\"small\",\"left\":\"auto\"},\"items\":[{\"id\":176,\"type\":\"image\",\"caption\":\"<p class=\\\"moto-text_system_6\\\">Help people to get clean water in Kenia</p><p class=\\\"moto-text_normal\\\">&nbsp;</p><p class=\\\"moto-text_normal\\\">With a population of 47 million, 37 percent of Kenyans still rely on unimproved water sources. You can help our project bring water filters that will allow them access to clean drinking water.</p><p class=\\\"moto-text_normal\\\">&nbsp;</p><p class=\\\"moto-text_system_7\\\">Goal $10.000</p><p class=\\\"moto-text_system_7\\\">&nbsp;</p><p class=\\\"moto-text_system_8\\\">Want to make a donation contact us</p><p class=\\\"moto-text_normal\\\"><span class=\\\"moto-color3_3\\\"><u>info@example.com</u></span>&nbsp;&nbsp;&nbsp; +1 458 236 4575</p><p class=\\\"moto-text_normal\\\">Help people affected by tornado damage</p>\",\"content\":\"2017/09/mt-1174-home-carousel.png\",\"thumbnail\":\"\",\"name\":\"mt-1174-home-carousel.png\",\"ordinalNumber\":0,\"alt\":\"\",\"link\":{\"action\":\"none\",\"properties\":[]}},{\"id\":176,\"type\":\"image\",\"caption\":\"<p class=\\\"moto-text_system_6\\\">Storm damage which recently happened in Florida</p><p class=\\\"moto-text_normal\\\">&nbsp;</p><p class=\\\"moto-text_normal\\\">is so severe that many impacted neighborhoods remain inaccessible. Your gift enables us to prepare for, respond to and help people recover from disasters.</p><p class=\\\"moto-text_normal\\\">&nbsp;</p><p class=\\\"moto-text_system_7\\\">Goal $50.000</p><p class=\\\"moto-text_system_7\\\">&nbsp;</p><p class=\\\"moto-text_system_8\\\">Want to make a donation contact us</p><p class=\\\"moto-text_normal\\\"><span class=\\\"moto-color3_3\\\"><u>info@example.com</u></span>&nbsp;&nbsp;&nbsp; +1 458 236 4575</p><p class=\\\"moto-text_normal\\\">Help people affected by tornado damage</p>\",\"content\":\"2017/09/mt-1174-home-carousel.png\",\"thumbnail\":\"\",\"name\":\"mt-1174-home-carousel.png\",\"ordinalNumber\":1,\"alt\":\"\",\"link\":{\"action\":\"none\",\"properties\":[]}}],\"slideshowEnabled\":true,\"slideshowDelay\":5,\"slideshowAnimationType\":\"fade\",\"showNextPrev\":false,\"showPaginationDots\":true,\"slideWidth\":500,\"minSlides\":1,\"maxSlides\":1,\"moveSlides\":1,\"margins\":10}) }}</div>\n\n                \n            \n        </div>\n    </div>\n</div>{{ widget(\"spacer\", {\"preset\":\"default\",\"height\":\"30px\",\"spacing\":{\"top\":\"medium\",\"right\":\"auto\",\"bottom\":\"medium\",\"left\":\"auto\"},\"visible_on\":\"tablet\"}) }}</div>\n        </div>\n    </div>\n</div><div class=\"moto-widget moto-widget-block moto-background-fixed moto-spacing-top-large moto-spacing-right-auto moto-spacing-bottom-large moto-spacing-left-auto\" data-widget=\"block\" data-spacing=\"lala\" style=\"background-image:url({{Linker.img(\'2017/09/mt-1174-home-parallax1.jpg\')}});background-position:top;background-repeat:no-repeat;background-size:cover;\" data-bg-image=\"2017/09/mt-1174-home-parallax1.jpg\"><a class=\"moto-anchor\" name=\"events\"></a>\n    \n    <div class=\"container-fluid\">\n        <div class=\"row\">\n            <div class=\"moto-cell col-sm-12\" data-container=\"container\">\n                \n            <div class=\"moto-widget moto-widget-row row-fixed moto-justify-content_center moto-spacing-top-auto moto-spacing-right-auto moto-spacing-bottom-auto moto-spacing-left-auto\" data-grid-type=\"sm\" data-widget=\"row\" data-spacing=\"aaaa\" style=\"\">\n    \n    <div class=\"container-fluid\">\n        <div class=\"row\" data-container=\"container\">\n            \n                \n                    <div class=\"moto-widget moto-widget-row__column moto-cell col-sm-6 moto-spacing-top-auto moto-spacing-right-auto moto-spacing-bottom-auto moto-spacing-left-auto\" style=\"\" data-widget=\"row.column\" data-container=\"container\" data-spacing=\"aaaa\">\n    \n<div class=\"moto-widget moto-widget-text moto-preset-default moto-spacing-top-small moto-spacing-right-auto moto-spacing-bottom-small moto-spacing-left-auto\" data-widget=\"text\" data-preset=\"default\" data-spacing=\"sasa\" data-animation=\"\">\n    <div class=\"moto-widget-text-content moto-widget-text-editable\"><p class=\"moto-text_system_6\"><span class=\"moto-color5_5\">Upcoming Event</span></p><p class=\"moto-text_system_12\"><br></p><p class=\"moto-text_system_12\">Charitable MERCIFUL Run Marathon</p><p class=\"moto-text_system_8\"><span class=\"moto-color5_5\">Location: United States, Memphis, Shelby Farms Park<br>Date: 25 November 2017</span></p><p class=\"moto-text_normal\"><br></p><p class=\"moto-text_normal\">No distance is too far to save a child. You can be a superhero to children in need by running the marathon and donating.</p></div>\n</div></div><div class=\"moto-widget moto-widget-row__column moto-cell col-sm-6 moto-spacing-top-auto moto-spacing-right-auto moto-spacing-bottom-auto moto-spacing-left-auto\" style=\"\" data-widget=\"row.column\" data-container=\"container\" data-spacing=\"aaaa\">\n    \n{{ widget(\"countdown\", {\"preset\":\"default\",\"align\":{\"desktop\":\"center\",\"tablet\":\"\",\"mobile-v\":\"\",\"mobile-h\":\"\"},\"animation\":\"\",\"visible_on\":\"mobile-v\",\"spacing\":{\"top\":\"small\",\"right\":\"auto\",\"bottom\":\"small\",\"left\":\"auto\"},\"type\":\"timer\",\"time\":43200000,\"items\":[{\"id\":\"years\",\"enabled\":false},{\"id\":\"months\",\"enabled\":false},{\"id\":\"days\",\"enabled\":true},{\"id\":\"hours\",\"enabled\":true},{\"id\":\"minutes\",\"enabled\":true},{\"id\":\"seconds\",\"enabled\":true}],\"delimiter\":\":\",\"language\":\"en\",\"onExpiry\":\"stop\",\"timeMeridianMode\":false}) }}</div>\n\n                \n            \n        </div>\n    </div>\n</div><div class=\"moto-widget moto-widget-row row-fixed moto-spacing-top-auto moto-spacing-right-auto moto-spacing-bottom-auto moto-spacing-left-auto\" data-grid-type=\"sm\" data-widget=\"row\" data-spacing=\"aaaa\" style=\"\">\n    \n    <div class=\"container-fluid\">\n        <div class=\"row\" data-container=\"container\">\n            \n                \n                    <div class=\"moto-widget moto-widget-row__column moto-cell col-sm-4 moto-spacing-top-auto moto-spacing-right-auto moto-spacing-bottom-auto moto-spacing-left-auto\" style=\"\" data-widget=\"row.column\" data-container=\"container\" data-spacing=\"aaaa\">\n    \n{{ widget(\"mail_chimp\", {\"preset\":\"default\",\"listId\":\"\",\"animation\":\"\",\"align\":{\"desktop\":\"\",\"tablet\":\"\",\"mobile-v\":\"\",\"mobile-h\":\"\"},\"spacing\":{\"top\":\"small\",\"right\":\"auto\",\"bottom\":\"small\",\"left\":\"auto\"},\"fields\":{\"email\":{\"enabled\":true,\"required\":true,\"type\":\"email\",\"placeholder\":\"Enter your email address\"},\"name\":{\"enabled\":false,\"required\":false,\"type\":\"text\",\"placeholder\":\"First Name\"},\"surname\":{\"enabled\":false,\"required\":false,\"type\":\"text\",\"placeholder\":\"Second Name\"}},\"messages\":{\"success\":\"You have successfully subscribed to the newsletter\",\"error\":\"You were not subscribed. Please try again\",\"alreadySubscribed\":\"You are already subscribed to this newsletter\",\"required\":\"Field is required\",\"invalidEmail\":\"Incorrect email\"},\"buttons\":{\"submit\":{\"preset\":\"default\",\"size\":\"medium\",\"align\":\"left\",\"label\":\"Join this event\"}}}) }}</div><div class=\"moto-widget moto-widget-row__column moto-cell col-sm-8 moto-spacing-top-auto moto-spacing-right-auto moto-spacing-bottom-auto moto-spacing-left-auto\" style=\"\" data-widget=\"row.column\" data-container=\"container\" data-spacing=\"aaaa\">\n    \n</div>\n\n                \n            \n        </div>\n    </div>\n</div></div>\n        </div>\n    </div>\n</div><div class=\"moto-widget moto-widget-block moto-spacing-top-large moto-spacing-right-auto moto-spacing-bottom-large moto-spacing-left-auto\" data-widget=\"block\" data-spacing=\"lala\" style=\"\">\n    \n    <div class=\"container-fluid\">\n        <div class=\"row\">\n            <div class=\"moto-cell col-sm-12\" data-container=\"container\">\n                \n            <div class=\"moto-widget moto-widget-row row-fixed moto-spacing-top-auto moto-spacing-right-auto moto-spacing-bottom-auto moto-spacing-left-auto\" data-grid-type=\"sm\" data-widget=\"row\" data-spacing=\"aaaa\" style=\"\">\n    \n    <div class=\"container-fluid\">\n        <div class=\"row\" data-container=\"container\">\n            \n                \n                    <div class=\"moto-widget moto-widget-row__column moto-cell col-sm-12 moto-spacing-top-auto moto-spacing-right-auto moto-spacing-bottom-auto moto-spacing-left-auto\" style=\"\" data-widget=\"row.column\" data-container=\"container\" data-spacing=\"aaaa\">\n    \n<div class=\"moto-widget moto-widget-text moto-preset-default moto-spacing-top-auto moto-spacing-right-auto moto-spacing-bottom-auto moto-spacing-left-auto\" data-widget=\"text\" data-preset=\"default\" data-spacing=\"aaaa\" data-animation=\"\">\n    <div class=\"moto-widget-text-content moto-widget-text-editable\"><p class=\"moto-text_system_6\">What we do<br></p></div>\n</div></div>\n\n                \n            \n        </div>\n    </div>\n</div><div class=\"moto-widget moto-widget-row row-fixed moto-spacing-top-auto moto-spacing-right-auto moto-spacing-bottom-auto moto-spacing-left-auto\" data-grid-type=\"sm\" data-widget=\"row\" data-spacing=\"aaaa\" style=\"\">\n    \n    <div class=\"container-fluid\">\n        <div class=\"row\" data-container=\"container\">\n            \n                \n                    <div class=\"moto-widget moto-widget-row__column moto-cell col-sm-4 moto-spacing-top-auto moto-spacing-right-auto moto-spacing-bottom-auto moto-spacing-left-auto\" style=\"\" data-widget=\"row.column\" data-container=\"container\" data-spacing=\"aaaa\">\n    \n{{ widget(\"image\", {\"id\":173,\"src\":\"2017/09/mt-1174-home-what-we-do1.jpg\",\"alt\":\"\",\"title\":\"\",\"align\":{\"desktop\":\"center\",\"tablet\":\"\",\"mobile-v\":\"\",\"mobile-h\":\"\"},\"preset\":\"default\",\"thumbnail\":\"\",\"animation\":\"\",\"link\":{\"action\":\"none\",\"properties\":{\"id\":\"\",\"target\":\"_self\",\"email\":\"\",\"subject\":\"\",\"body\":\"\"}},\"spacing\":{\"top\":\"medium\",\"right\":\"auto\",\"bottom\":\"auto\",\"left\":\"auto\"}}) }}<div class=\"moto-widget moto-widget-text moto-preset-default moto-spacing-top-medium moto-spacing-right-auto moto-spacing-bottom-auto moto-spacing-left-auto\" data-widget=\"text\" data-preset=\"default\" data-spacing=\"maaa\" data-animation=\"\">\n    <div class=\"moto-widget-text-content moto-widget-text-editable\"><p class=\"moto-text_system_7\">Provide clean water<br></p><p class=\"moto-text_normal\">We invest in local solutions to the local water crisis in sub-Saharan Africa. We provide clean water, decent sanitation and shelter for both urban and rural dwellers.</p></div>\n</div></div>\n\n                \n            \n        <div class=\"moto-widget moto-widget-row__column moto-cell col-sm-4 moto-spacing-top-auto moto-spacing-right-auto moto-spacing-bottom-auto moto-spacing-left-auto\" style=\"\" data-widget=\"row.column\" data-container=\"container\" data-spacing=\"aaaa\">\n    \n        \n            {{ widget(\"image\", {\"id\":174,\"src\":\"2017/09/mt-1174-home-what-we-do2.jpg\",\"alt\":\"\",\"title\":\"\",\"align\":{\"desktop\":\"center\",\"tablet\":\"\",\"mobile-v\":\"\",\"mobile-h\":\"\"},\"preset\":\"default\",\"thumbnail\":\"\",\"animation\":\"\",\"link\":{\"action\":\"none\",\"properties\":{\"id\":\"\",\"target\":\"_self\",\"email\":\"\",\"subject\":\"\",\"body\":\"\"}},\"spacing\":{\"top\":\"medium\",\"right\":\"auto\",\"bottom\":\"auto\",\"left\":\"auto\"}}) }}\n        \n    \n        \n            <div class=\"moto-widget moto-widget-text moto-preset-default moto-spacing-top-medium moto-spacing-right-auto moto-spacing-bottom-auto moto-spacing-left-auto\" data-widget=\"text\" data-preset=\"default\" data-spacing=\"maaa\" data-animation=\"\">\n    <div class=\"moto-widget-text-content moto-widget-text-editable\"><p class=\"moto-text_system_7\">Education. Clothing</p><p class=\"moto-text_normal\">We invest in local solutions to the local water crisis in sub-Saharan Africa. We provide clean water, decent sanitation and shelter for both urban and rural dwellers.<br></p></div>\n</div>\n        \n    \n</div><div class=\"moto-widget moto-widget-row__column moto-cell col-sm-4 moto-spacing-top-auto moto-spacing-right-auto moto-spacing-bottom-auto moto-spacing-left-auto\" style=\"\" data-widget=\"row.column\" data-container=\"container\" data-spacing=\"aaaa\">\n    \n        \n            {{ widget(\"image\", {\"id\":175,\"src\":\"2017/09/mt-1174-home-what-we-do3.jpg\",\"alt\":\"\",\"title\":\"\",\"align\":{\"desktop\":\"center\",\"tablet\":\"\",\"mobile-v\":\"\",\"mobile-h\":\"\"},\"preset\":\"default\",\"thumbnail\":\"\",\"animation\":\"\",\"link\":{\"action\":\"none\",\"properties\":{\"id\":\"\",\"target\":\"_self\",\"email\":\"\",\"subject\":\"\",\"body\":\"\"}},\"spacing\":{\"top\":\"medium\",\"right\":\"auto\",\"bottom\":\"auto\",\"left\":\"auto\"}}) }}\n        \n    \n        \n            <div class=\"moto-widget moto-widget-text moto-preset-default moto-spacing-top-medium moto-spacing-right-auto moto-spacing-bottom-auto moto-spacing-left-auto\" data-widget=\"text\" data-preset=\"default\" data-spacing=\"maaa\" data-animation=\"\">\n    <div class=\"moto-widget-text-content moto-widget-text-editable\"><p class=\"moto-text_system_7\">Agriculture &amp; Food</p><p class=\"moto-text_normal\">In order to help the communities we have created a group of farmers who donate agricultural product to food banks.<br></p></div>\n</div>\n        \n    \n</div></div>\n    </div>\n</div>{{ widget(\"button\", {\"link\":{\"action\":\"page\",\"properties\":{\"id\":1,\"target\":\"_self\",\"email\":\"\",\"subject\":\"\",\"body\":\"\",\"anchor\":\"projects\"}},\"label\":\" See More Projects\",\"align\":{\"desktop\":\"center\",\"tablet\":\"\",\"mobile-v\":\"\",\"mobile-h\":\"\"},\"size\":\"medium\",\"preset\":\"default\",\"animation\":\"\",\"spacing\":{\"top\":\"medium\",\"right\":\"auto\",\"bottom\":\"auto\",\"left\":\"auto\"},\"icon\":null}) }}</div>\n        </div>\n    </div>\n</div><div class=\"moto-widget moto-widget-block moto-bg-color5_3 moto-spacing-top-auto moto-spacing-right-auto moto-spacing-bottom-auto moto-spacing-left-auto\" data-widget=\"block\" data-spacing=\"aaaa\" style=\"\"><a class=\"moto-anchor\" name=\"donors\"></a>\n    \n    <div class=\"container-fluid\">\n        <div class=\"row\">\n            <div class=\"moto-cell col-sm-12\" data-container=\"container\">\n                \n            {{ widget(\"spacer\", {\"preset\":\"default\",\"height\":\"30px\",\"spacing\":{\"top\":\"medium\",\"right\":\"auto\",\"bottom\":\"medium\",\"left\":\"auto\"},\"visible_on\":\"mobile-v\"}) }}<div class=\"moto-widget moto-widget-row row-fixed moto-spacing-top-auto moto-spacing-right-auto moto-spacing-bottom-auto moto-spacing-left-auto\" data-grid-type=\"sm\" data-widget=\"row\" data-spacing=\"aaaa\" style=\"\">\n    \n    <div class=\"container-fluid\">\n        <div class=\"row\" data-container=\"container\">\n            \n                \n                    <div class=\"moto-widget moto-widget-row__column moto-cell col-sm-12 moto-spacing-top-auto moto-spacing-right-auto moto-spacing-bottom-auto moto-spacing-left-auto\" style=\"\" data-widget=\"row.column\" data-container=\"container\" data-spacing=\"aaaa\">\n    \n<div class=\"moto-widget moto-widget-text moto-preset-default moto-spacing-top-auto moto-spacing-right-auto moto-spacing-bottom-auto moto-spacing-left-auto\" data-widget=\"text\" data-preset=\"default\" data-spacing=\"aaaa\" data-animation=\"\">\n    <div class=\"moto-widget-text-content moto-widget-text-editable\"><p class=\"moto-text_system_6\">Our Donors</p><p class=\"moto-text_system_8\"><span class=\"moto-color_custom3\"></span><br></p><p class=\"moto-text_system_8\"><span class=\"moto-color_custom3\">These people offered their help and we were glad to let them join us.</span><br></p></div>\n</div></div>\n\n                \n            \n        </div>\n    </div>\n</div><div class=\"moto-widget moto-widget-row row-fixed moto-spacing-top-auto moto-spacing-right-auto moto-spacing-bottom-auto moto-spacing-left-auto\" data-grid-type=\"sm\" data-widget=\"row\" data-spacing=\"aaaa\" style=\"\">\n    \n    <div class=\"container-fluid\">\n        <div class=\"row\" data-container=\"container\">\n            \n                \n                    <div class=\"moto-widget moto-widget-row__column moto-cell col-sm-3 moto-spacing-top-auto moto-spacing-right-auto moto-spacing-bottom-auto moto-spacing-left-auto\" style=\"\" data-widget=\"row.column\" data-container=\"container\" data-spacing=\"aaaa\">\n    \n{{ widget(\"image\", {\"id\":182,\"src\":\"2017/09/mt-1174-home-our-donors1_1.jpg\",\"alt\":\"\",\"title\":\"\",\"align\":{\"desktop\":\"center\",\"tablet\":\"\",\"mobile-v\":\"\",\"mobile-h\":\"\"},\"preset\":\"default\",\"thumbnail\":\"\",\"animation\":\"\",\"link\":{\"action\":\"none\",\"properties\":{\"id\":\"\",\"target\":\"_self\",\"email\":\"\",\"subject\":\"\",\"body\":\"\"}},\"spacing\":{\"top\":\"medium\",\"right\":\"auto\",\"bottom\":\"small\",\"left\":\"auto\"}}) }}<div class=\"moto-widget moto-widget-text moto-preset-default moto-spacing-top-small moto-spacing-right-auto moto-spacing-bottom-auto moto-spacing-left-auto\" data-widget=\"text\" data-preset=\"default\" data-spacing=\"saaa\" data-animation=\"\">\n    <div class=\"moto-widget-text-content moto-widget-text-editable\"><p class=\"moto-text_system_8\">Emily Anderson<br></p><p class=\"moto-text_system_10\">PHP Developer<br></p></div>\n</div>{{ widget(\"social_links\", {\"preset\":\"default\",\"align\":{\"desktop\":\"left\",\"tablet\":\"\",\"mobile-v\":\"\",\"mobile-h\":\"\"},\"spacing\":{\"top\":\"small\",\"right\":\"auto\",\"bottom\":\"auto\",\"left\":\"auto\"},\"animation\":\"\",\"links\":[{\"provider\":\"facebook\",\"url\":\"http://demolink.motocms.com/\",\"order\":0,\"name\":\"\",\"icon\":\"\"},{\"provider\":\"twitter\",\"url\":\"http://demolink.motocms.com/\",\"order\":1,\"name\":\"\",\"icon\":\"\"},{\"provider\":\"googleplus\",\"url\":\"http://demolink.motocms.com/\",\"order\":2,\"name\":\"\",\"icon\":\"\"},{\"provider\":\"instagram\",\"url\":\"http://demolink.motocms.com/\",\"order\":3,\"name\":\"\",\"icon\":\"\"},{\"provider\":\"pinterest\",\"url\":\"\",\"order\":4,\"name\":\"\",\"icon\":\"\"},{\"provider\":\"linkedin\",\"url\":\"\",\"order\":5,\"name\":\"\",\"icon\":\"\"}]}) }}</div>\n\n                \n            \n        <div class=\"moto-widget moto-widget-row__column moto-cell col-sm-3 moto-spacing-top-auto moto-spacing-right-auto moto-spacing-bottom-auto moto-spacing-left-auto\" style=\"\" data-widget=\"row.column\" data-container=\"container\" data-spacing=\"aaaa\">\n    \n        \n            {{ widget(\"image\", {\"id\":181,\"src\":\"2017/09/mt-1174-home-our-donors2_1.jpg\",\"alt\":\"\",\"title\":\"\",\"align\":{\"desktop\":\"center\",\"tablet\":\"\",\"mobile-v\":\"\",\"mobile-h\":\"\"},\"preset\":\"default\",\"thumbnail\":\"\",\"animation\":\"\",\"link\":{\"action\":\"none\",\"properties\":{\"id\":\"\",\"target\":\"_self\",\"email\":\"\",\"subject\":\"\",\"body\":\"\"}},\"spacing\":{\"top\":\"medium\",\"right\":\"auto\",\"bottom\":\"small\",\"left\":\"auto\"}}) }}\n        \n    \n        \n            <div class=\"moto-widget moto-widget-text moto-preset-default moto-spacing-top-small moto-spacing-right-auto moto-spacing-bottom-auto moto-spacing-left-auto\" data-widget=\"text\" data-preset=\"default\" data-spacing=\"saaa\" data-animation=\"\">\n    <div class=\"moto-widget-text-content moto-widget-text-editable\"><p class=\"moto-text_system_8\">John Franklin</p><p class=\"moto-text_system_10\">Web Designer<br></p></div>\n</div>\n        \n    \n        \n            {{ widget(\"social_links\", {\"preset\":\"default\",\"align\":{\"desktop\":\"left\",\"tablet\":\"\",\"mobile-v\":\"\",\"mobile-h\":\"\"},\"spacing\":{\"top\":\"small\",\"right\":\"auto\",\"bottom\":\"auto\",\"left\":\"auto\"},\"animation\":\"\",\"links\":[{\"provider\":\"facebook\",\"url\":\"http://demolink.motocms.com/\",\"order\":0,\"name\":\"\",\"icon\":\"\"},{\"provider\":\"twitter\",\"url\":\"http://demolink.motocms.com/\",\"order\":1,\"name\":\"\",\"icon\":\"\"},{\"provider\":\"googleplus\",\"url\":\"http://demolink.motocms.com/\",\"order\":2,\"name\":\"\",\"icon\":\"\"},{\"provider\":\"instagram\",\"url\":\"http://demolink.motocms.com/\",\"order\":3,\"name\":\"\",\"icon\":\"\"},{\"provider\":\"pinterest\",\"url\":\"\",\"order\":4,\"name\":\"\",\"icon\":\"\"},{\"provider\":\"linkedin\",\"url\":\"\",\"order\":5,\"name\":\"\",\"icon\":\"\"}]}) }}\n        \n    \n</div><div class=\"moto-widget moto-widget-row__column moto-cell col-sm-3 moto-spacing-top-auto moto-spacing-right-auto moto-spacing-bottom-auto moto-spacing-left-auto\" style=\"\" data-widget=\"row.column\" data-container=\"container\" data-spacing=\"aaaa\">\n    \n        \n            {{ widget(\"image\", {\"id\":183,\"src\":\"2017/09/mt-1174-home-our-donors3_1.jpg\",\"alt\":\"\",\"title\":\"\",\"align\":{\"desktop\":\"center\",\"tablet\":\"\",\"mobile-v\":\"\",\"mobile-h\":\"\"},\"preset\":\"default\",\"thumbnail\":\"\",\"animation\":\"\",\"link\":{\"action\":\"none\",\"properties\":{\"id\":\"\",\"target\":\"_self\",\"email\":\"\",\"subject\":\"\",\"body\":\"\"}},\"spacing\":{\"top\":\"medium\",\"right\":\"auto\",\"bottom\":\"small\",\"left\":\"auto\"}}) }}\n        \n    \n        \n            <div class=\"moto-widget moto-widget-text moto-preset-default moto-spacing-top-small moto-spacing-right-auto moto-spacing-bottom-auto moto-spacing-left-auto\" data-widget=\"text\" data-preset=\"default\" data-spacing=\"saaa\" data-animation=\"\">\n    <div class=\"moto-widget-text-content moto-widget-text-editable\"><p class=\"moto-text_system_8\">Delowar Hossen</p><p class=\"moto-text_system_10\">Lawyer<br></p></div>\n</div>\n        \n    \n        \n            \n        \n    \n{{ widget(\"social_links\", {\"preset\":\"default\",\"align\":{\"desktop\":\"left\",\"tablet\":\"\",\"mobile-v\":\"\",\"mobile-h\":\"\"},\"spacing\":{\"top\":\"small\",\"right\":\"auto\",\"bottom\":\"auto\",\"left\":\"auto\"},\"animation\":\"\",\"links\":[{\"provider\":\"facebook\",\"url\":\"http://demolink.motocms.com/\",\"order\":0,\"name\":\"\",\"icon\":\"\"},{\"provider\":\"twitter\",\"url\":\"http://demolink.motocms.com/\",\"order\":1,\"name\":\"\",\"icon\":\"\"},{\"provider\":\"googleplus\",\"url\":\"http://demolink.motocms.com/\",\"order\":2,\"name\":\"\",\"icon\":\"\"},{\"provider\":\"instagram\",\"url\":\"http://demolink.motocms.com/\",\"order\":3,\"name\":\"\",\"icon\":\"\"},{\"provider\":\"pinterest\",\"url\":\"\",\"order\":4,\"name\":\"\",\"icon\":\"\"},{\"provider\":\"linkedin\",\"url\":\"\",\"order\":5,\"name\":\"\",\"icon\":\"\"}]}) }}</div><div class=\"moto-widget moto-widget-row__column moto-cell col-sm-3 moto-spacing-top-auto moto-spacing-right-auto moto-spacing-bottom-auto moto-spacing-left-auto\" style=\"\" data-widget=\"row.column\" data-container=\"container\" data-spacing=\"aaaa\">\n    \n        \n            {{ widget(\"image\", {\"id\":185,\"src\":\"2017/09/mt-1174-home-our-donors5_1.jpg\",\"alt\":\"\",\"title\":\"\",\"align\":{\"desktop\":\"center\",\"tablet\":\"\",\"mobile-v\":\"\",\"mobile-h\":\"\"},\"preset\":\"default\",\"thumbnail\":\"\",\"animation\":\"\",\"link\":{\"action\":\"none\",\"properties\":{\"id\":\"\",\"target\":\"_self\",\"email\":\"\",\"subject\":\"\",\"body\":\"\"}},\"spacing\":{\"top\":\"medium\",\"right\":\"auto\",\"bottom\":\"small\",\"left\":\"auto\"}}) }}\n        \n    \n        \n            <div class=\"moto-widget moto-widget-text moto-preset-default moto-spacing-top-small moto-spacing-right-auto moto-spacing-bottom-auto moto-spacing-left-auto\" data-widget=\"text\" data-preset=\"default\" data-spacing=\"saaa\" data-animation=\"\">\n    <div class=\"moto-widget-text-content moto-widget-text-editable\"><p class=\"moto-text_system_8\">Lara Brienne</p><p class=\"moto-text_system_10\">Editor<br></p></div>\n</div>\n        \n    \n        \n            {{ widget(\"social_links\", {\"preset\":\"default\",\"align\":{\"desktop\":\"left\",\"tablet\":\"\",\"mobile-v\":\"\",\"mobile-h\":\"\"},\"spacing\":{\"top\":\"small\",\"right\":\"auto\",\"bottom\":\"auto\",\"left\":\"auto\"},\"animation\":\"\",\"links\":[{\"provider\":\"facebook\",\"url\":\"http://demolink.motocms.com/\",\"order\":0,\"name\":\"\",\"icon\":\"\"},{\"provider\":\"twitter\",\"url\":\"http://demolink.motocms.com/\",\"order\":1,\"name\":\"\",\"icon\":\"\"},{\"provider\":\"googleplus\",\"url\":\"http://demolink.motocms.com/\",\"order\":2,\"name\":\"\",\"icon\":\"\"},{\"provider\":\"instagram\",\"url\":\"http://demolink.motocms.com/\",\"order\":3,\"name\":\"\",\"icon\":\"\"},{\"provider\":\"pinterest\",\"url\":\"\",\"order\":4,\"name\":\"\",\"icon\":\"\"},{\"provider\":\"linkedin\",\"url\":\"\",\"order\":5,\"name\":\"\",\"icon\":\"\"}]}) }}\n        \n    \n</div></div>\n    </div>\n</div>{{ widget(\"spacer\", {\"preset\":\"default\",\"height\":\"15px\",\"spacing\":{\"top\":\"medium\",\"right\":\"auto\",\"bottom\":\"auto\",\"left\":\"auto\"},\"visible_on\":\"mobile-v\"}) }}<div class=\"moto-widget moto-widget-row row-fixed moto-justify-content_center moto-spacing-top-auto moto-spacing-right-auto moto-spacing-bottom-auto moto-spacing-left-auto\" data-grid-type=\"sm\" data-widget=\"row\" data-spacing=\"aaaa\" style=\"\">\n    \n    <div class=\"container-fluid\">\n        <div class=\"row\" data-container=\"container\">\n            \n                \n                    <div class=\"moto-widget moto-widget-row__column moto-cell col-sm-1 moto-spacing-top-auto moto-spacing-right-auto moto-spacing-bottom-auto moto-spacing-left-auto\" style=\"\" data-widget=\"row.column\" data-container=\"container\" data-spacing=\"aaaa\">\n    \n{{ widget(\"divider_horizontal\", {\"align\":{\"desktop\":\"left\",\"tablet\":\"\",\"mobile-v\":\"\",\"mobile-h\":\"\"},\"preset\":\"default\",\"width\":80,\"animation\":\"\",\"spacing\":{\"top\":\"small\",\"right\":\"auto\",\"bottom\":\"small\",\"left\":\"auto\"}}) }}</div><div class=\"moto-widget moto-widget-row__column moto-cell col-sm-5 moto-spacing-top-auto moto-spacing-right-auto moto-spacing-bottom-auto moto-spacing-left-auto\" style=\"\" data-widget=\"row.column\" data-container=\"container\" data-spacing=\"aaaa\">\n    \n<div class=\"moto-widget moto-widget-text moto-preset-default moto-spacing-top-small moto-spacing-right-auto moto-spacing-bottom-small moto-spacing-left-auto\" data-widget=\"text\" data-preset=\"default\" data-spacing=\"sasa\" data-animation=\"\">\n    <div class=\"moto-widget-text-content moto-widget-text-editable\"><p class=\"moto-text_system_7\"><span class=\"moto-color3_3\">Become a part of our friendly team</span></p></div>\n</div></div><div class=\"moto-widget moto-widget-row__column moto-cell col-sm-6 moto-spacing-top-auto moto-spacing-right-auto moto-spacing-bottom-auto moto-spacing-left-auto\" style=\"\" data-widget=\"row.column\" data-container=\"container\" data-spacing=\"aaaa\">\n    \n{{ widget(\"mail_chimp\", {\"preset\":\"default\",\"listId\":\"\",\"animation\":\"\",\"align\":{\"desktop\":\"\",\"tablet\":\"\",\"mobile-v\":\"\",\"mobile-h\":\"\"},\"spacing\":{\"top\":\"small\",\"right\":\"auto\",\"bottom\":\"small\",\"left\":\"auto\"},\"fields\":{\"email\":{\"enabled\":true,\"required\":true,\"type\":\"email\",\"placeholder\":\"Enter your email address\"},\"name\":{\"enabled\":false,\"required\":false,\"type\":\"text\",\"placeholder\":\"First Name\"},\"surname\":{\"enabled\":false,\"required\":false,\"type\":\"text\",\"placeholder\":\"Second Name\"}},\"messages\":{\"success\":\"You have successfully subscribed to the newsletter\",\"error\":\"You were not subscribed. Please try again\",\"alreadySubscribed\":\"You are already subscribed to this newsletter\",\"required\":\"Field is required\",\"invalidEmail\":\"Incorrect email\"},\"buttons\":{\"submit\":{\"preset\":\"default\",\"size\":\"medium\",\"align\":\"left\",\"label\":\"Join Us\"}}}) }}</div>\n\n                \n            \n        </div>\n    </div>\n</div>{{ widget(\"spacer\", {\"preset\":\"default\",\"height\":\"30px\",\"spacing\":{\"top\":\"medium\",\"right\":\"auto\",\"bottom\":\"medium\",\"left\":\"auto\"},\"visible_on\":\"mobile-v\"}) }}</div>\n        </div>\n    </div>\n</div><div class=\"moto-widget moto-widget-block moto-spacing-top-large moto-spacing-right-auto moto-spacing-bottom-large moto-spacing-left-auto\" data-widget=\"block\" data-spacing=\"lala\" style=\"\"><a class=\"moto-anchor\" name=\"projects\"></a>\n    \n    <div class=\"container-fluid\">\n        <div class=\"row\">\n            <div class=\"moto-cell col-sm-12\" data-container=\"container\">\n                \n            <div class=\"moto-widget moto-widget-row row-fixed moto-spacing-top-auto moto-spacing-right-auto moto-spacing-bottom-auto moto-spacing-left-auto\" data-grid-type=\"sm\" data-widget=\"row\" data-spacing=\"aaaa\" style=\"\">\n    \n    <div class=\"container-fluid\">\n        <div class=\"row\" data-container=\"container\">\n            \n                \n                    <div class=\"moto-widget moto-widget-row__column moto-cell col-sm-12 moto-spacing-top-auto moto-spacing-right-auto moto-spacing-bottom-auto moto-spacing-left-auto\" style=\"\" data-widget=\"row.column\" data-container=\"container\" data-spacing=\"aaaa\">\n    \n<div class=\"moto-widget moto-widget-text moto-preset-default moto-spacing-top-auto moto-spacing-right-auto moto-spacing-bottom-auto moto-spacing-left-auto\" data-widget=\"text\" data-preset=\"default\" data-spacing=\"aaaa\" data-animation=\"\">\n    <div class=\"moto-widget-text-content moto-widget-text-editable\"><p class=\"moto-text_system_6\">Our Gallery</p><p class=\"moto-text_system_8\"><br></p><p class=\"moto-text_system_8\"><span class=\"moto-color_custom3\">We hope to make this world happier</span><br></p></div>\n</div>{{ widget(\"grid_gallery\", {\"preset\":\"default\",\"spacing\":{\"top\":\"small\",\"right\":\"auto\",\"bottom\":\"auto\",\"left\":\"auto\"},\"settings\":{\"rowHeight\":190,\"fixedHeight\":false,\"margins\":20,\"lastRow\":\"justify\",\"showCaptions\":true,\"enableLightbox\":true},\"animation\":\"\",\"items\":[{\"caption\":\"\",\"ordinalNumber\":0,\"content\":{\"path\":\"2017/09/mt-1174-home-gallery-img1.jpg\",\"id\":145,\"name\":\"mt-1174-home-gallery-img1.jpg\",\"size\":\"\"},\"thumbnail\":{\"path\":\"2017/09/mt-1174-home-gallery-small1.jpg\",\"id\":153,\"name\":\"mt-1174-home-gallery-small1.jpg\",\"size\":\"\",\"alt\":\"\"},\"captionType\":\"text\"},{\"caption\":\"\",\"ordinalNumber\":1,\"content\":{\"path\":\"2017/09/mt-1174-home-gallery-img2.jpg\",\"id\":146,\"name\":\"mt-1174-home-gallery-img2.jpg\",\"size\":\"\"},\"thumbnail\":{\"path\":\"2017/09/mt-1174-home-gallery-small2.jpg\",\"id\":154,\"name\":\"mt-1174-home-gallery-small2.jpg\",\"size\":\"\",\"alt\":\"\"},\"captionType\":\"text\"},{\"caption\":\"\",\"ordinalNumber\":2,\"content\":{\"path\":\"2017/09/mt-1174-home-gallery-img3.jpg\",\"id\":148,\"name\":\"mt-1174-home-gallery-img3.jpg\",\"size\":\"\"},\"thumbnail\":{\"path\":\"2017/09/mt-1174-home-gallery-small3.jpg\",\"id\":155,\"name\":\"mt-1174-home-gallery-small3.jpg\",\"size\":\"\",\"alt\":\"\"},\"captionType\":\"text\"},{\"caption\":\"\",\"ordinalNumber\":3,\"content\":{\"path\":\"2017/09/mt-1174-home-gallery-img4.jpg\",\"id\":147,\"name\":\"mt-1174-home-gallery-img4.jpg\",\"size\":\"\"},\"thumbnail\":{\"path\":\"2017/09/mt-1174-home-gallery-small4.jpg\",\"id\":156,\"name\":\"mt-1174-home-gallery-small4.jpg\",\"size\":\"\",\"alt\":\"\"},\"captionType\":\"text\"},{\"caption\":\"\",\"ordinalNumber\":4,\"content\":{\"path\":\"2017/09/mt-1174-home-gallery-img5.jpg\",\"id\":149,\"name\":\"mt-1174-home-gallery-img5.jpg\",\"size\":\"\"},\"thumbnail\":{\"path\":\"2017/09/mt-1174-home-gallery-small5.jpg\",\"id\":157,\"name\":\"mt-1174-home-gallery-small5.jpg\",\"size\":\"\",\"alt\":\"\"},\"captionType\":\"text\"},{\"caption\":\"\",\"ordinalNumber\":5,\"content\":{\"path\":\"2017/09/mt-1174-home-gallery-img6.jpg\",\"id\":150,\"name\":\"mt-1174-home-gallery-img6.jpg\",\"size\":\"\"},\"thumbnail\":{\"path\":\"2017/09/mt-1174-home-gallery-small6.jpg\",\"id\":158,\"name\":\"mt-1174-home-gallery-small6.jpg\",\"size\":\"\",\"alt\":\"\"},\"captionType\":\"text\"},{\"caption\":\"\",\"ordinalNumber\":6,\"content\":{\"path\":\"2017/09/mt-1174-home-gallery-img7.jpg\",\"id\":151,\"name\":\"mt-1174-home-gallery-img7.jpg\",\"size\":\"\"},\"thumbnail\":{\"path\":\"2017/09/mt-1174-home-gallery-small7.jpg\",\"id\":159,\"name\":\"mt-1174-home-gallery-small7.jpg\",\"size\":\"\",\"alt\":\"\"},\"captionType\":\"text\"},{\"caption\":\"\",\"ordinalNumber\":7,\"content\":{\"path\":\"2017/09/mt-1174-home-gallery-img8.jpg\",\"id\":152,\"name\":\"mt-1174-home-gallery-img8.jpg\",\"size\":\"\"},\"thumbnail\":{\"path\":\"2017/09/mt-1174-home-gallery-small8.jpg\",\"id\":160,\"name\":\"mt-1174-home-gallery-small8.jpg\",\"size\":\"\",\"alt\":\"\"},\"captionType\":\"text\"}]}) }}</div>\n\n                \n            \n        </div>\n    </div>\n</div></div>\n        </div>\n    </div>\n</div><div class=\"moto-widget moto-widget-block moto-bg-color5_3 moto-spacing-top-auto moto-spacing-right-auto moto-spacing-bottom-auto moto-spacing-left-auto\" data-widget=\"block\" data-spacing=\"aaaa\" style=\"\"><a class=\"moto-anchor\" name=\"contacts\"></a>\n    \n    <div class=\"container-fluid\">\n        <div class=\"row\">\n            <div class=\"moto-cell col-sm-12\" data-container=\"container\">\n                \n            {{ widget(\"spacer\", {\"preset\":\"default\",\"height\":\"15px\",\"spacing\":{\"top\":\"medium\",\"right\":\"auto\",\"bottom\":\"medium\",\"left\":\"auto\"},\"visible_on\":\"mobile-v\"}) }}<div class=\"moto-widget moto-widget-row row-fixed moto-spacing-top-auto moto-spacing-right-auto moto-spacing-bottom-auto moto-spacing-left-auto\" data-grid-type=\"sm\" data-widget=\"row\" data-spacing=\"aaaa\" style=\"\">\n    \n    <div class=\"container-fluid\">\n        <div class=\"row\" data-container=\"container\">\n            \n                \n                    <div class=\"moto-widget moto-widget-row__column moto-cell col-sm-4 moto-spacing-top-auto moto-spacing-right-auto moto-spacing-bottom-auto moto-spacing-left-auto\" style=\"\" data-widget=\"row.column\" data-container=\"container\" data-spacing=\"aaaa\">\n    \n<div class=\"moto-widget moto-widget-text moto-preset-default moto-spacing-top-small moto-spacing-right-auto moto-spacing-bottom-small moto-spacing-left-auto\" data-widget=\"text\" data-preset=\"default\" data-spacing=\"sasa\" data-animation=\"\">\n    <div class=\"moto-widget-text-content moto-widget-text-editable\"><p class=\"moto-text_system_6\">Address<br></p></div>\n</div><div class=\"moto-widget moto-widget-row row-gutter-0 moto-spacing-top-medium moto-spacing-right-auto moto-spacing-bottom-auto moto-spacing-left-auto\" data-grid-type=\"xs\" data-widget=\"row\" data-spacing=\"maaa\" style=\"\">\n    \n    <div class=\"container-fluid\">\n        <div class=\"row\" data-container=\"container\">\n            \n                \n                    <div class=\"moto-widget moto-widget-row__column moto-cell col-xs-2 moto-spacing-top-auto moto-spacing-right-auto moto-spacing-bottom-auto moto-spacing-left-auto\" style=\"\" data-widget=\"row.column\" data-container=\"container\" data-spacing=\"aaaa\">\n    \n<div class=\"moto-widget moto-widget-text moto-preset-default moto-spacing-top-auto moto-spacing-right-auto moto-spacing-bottom-auto moto-spacing-left-auto\" data-widget=\"text\" data-preset=\"default\" data-spacing=\"aaaa\" data-animation=\"\">\n    <div class=\"moto-widget-text-content moto-widget-text-editable\"><p class=\"moto-text_system_12\"><span class=\"fa\"></span><br></p></div>\n</div></div><div class=\"moto-widget moto-widget-row__column moto-cell col-xs-10 moto-spacing-top-auto moto-spacing-right-auto moto-spacing-bottom-auto moto-spacing-left-auto\" style=\"\" data-widget=\"row.column\" data-container=\"container\" data-spacing=\"aaaa\">\n    \n<div class=\"moto-widget moto-widget-text moto-preset-default moto-spacing-top-auto moto-spacing-right-auto moto-spacing-bottom-auto moto-spacing-left-small\" data-widget=\"text\" data-preset=\"default\" data-spacing=\"aaas\" data-animation=\"\">\n    <div class=\"moto-widget-text-content moto-widget-text-editable\"><p class=\"moto-text_normal\">99 NY Address street, Brooklyn,<br>United State<br></p></div>\n</div></div>\n\n                \n            \n        </div>\n    </div>\n</div><div class=\"moto-widget moto-widget-row row-gutter-0 moto-justify-content_center moto-spacing-top-medium moto-spacing-right-auto moto-spacing-bottom-auto moto-spacing-left-auto\" data-grid-type=\"xs\" data-widget=\"row\" data-spacing=\"maaa\" style=\"\">\n    \n    <div class=\"container-fluid\">\n        <div class=\"row\" data-container=\"container\">\n            \n                \n                    <div class=\"moto-widget moto-widget-row__column moto-cell col-xs-2 moto-spacing-top-auto moto-spacing-right-auto moto-spacing-bottom-auto moto-spacing-left-auto\" style=\"\" data-widget=\"row.column\" data-container=\"container\" data-spacing=\"aaaa\">\n    \n        \n            <div class=\"moto-widget moto-widget-text moto-preset-default moto-spacing-top-auto moto-spacing-right-auto moto-spacing-bottom-auto moto-spacing-left-auto\" data-widget=\"text\" data-preset=\"default\" data-spacing=\"aaaa\" data-animation=\"\">\n    <div class=\"moto-widget-text-content moto-widget-text-editable\"><p class=\"moto-text_system_12\"><span class=\"fa\"></span><br></p></div>\n</div>\n        \n    \n</div>\n\n                \n            \n                \n                    <div class=\"moto-widget moto-widget-row__column moto-cell col-xs-10 moto-spacing-top-auto moto-spacing-right-auto moto-spacing-bottom-auto moto-spacing-left-auto\" style=\"\" data-widget=\"row.column\" data-container=\"container\" data-spacing=\"aaaa\">\n    \n        \n            <div class=\"moto-widget moto-widget-text moto-preset-default moto-spacing-top-auto moto-spacing-right-auto moto-spacing-bottom-auto moto-spacing-left-small\" data-widget=\"text\" data-preset=\"default\" data-spacing=\"aaas\" data-animation=\"\">\n    <div class=\"moto-widget-text-content moto-widget-text-editable\"><p class=\"moto-text_system_13\"><a data-action=\"mail\" class=\"moto-link\" href=\"mailto:merciful@merciful.com\">merciful@merciful.com</a><br></p></div>\n</div>\n        \n    \n</div>\n\n                \n            \n        </div>\n    </div>\n</div><div class=\"moto-widget moto-widget-row row-gutter-0 moto-justify-content_center moto-spacing-top-medium moto-spacing-right-auto moto-spacing-bottom-auto moto-spacing-left-auto\" data-grid-type=\"xs\" data-widget=\"row\" data-spacing=\"maaa\" style=\"\">\n    \n    <div class=\"container-fluid\">\n        <div class=\"row\" data-container=\"container\">\n            \n                \n                    <div class=\"moto-widget moto-widget-row__column moto-cell col-xs-2 moto-spacing-top-auto moto-spacing-right-auto moto-spacing-bottom-auto moto-spacing-left-auto\" style=\"\" data-widget=\"row.column\" data-container=\"container\" data-spacing=\"aaaa\">\n    \n        \n            <div class=\"moto-widget moto-widget-text moto-preset-default moto-spacing-top-auto moto-spacing-right-auto moto-spacing-bottom-auto moto-spacing-left-auto\" data-widget=\"text\" data-preset=\"default\" data-spacing=\"aaaa\" data-animation=\"\">\n    <div class=\"moto-widget-text-content moto-widget-text-editable\"><p class=\"moto-text_system_12\"><span class=\"fa\"></span><br></p></div>\n</div>\n        \n    \n</div>\n\n                \n            \n                \n                    <div class=\"moto-widget moto-widget-row__column moto-cell col-xs-10 moto-spacing-top-auto moto-spacing-right-auto moto-spacing-bottom-auto moto-spacing-left-auto\" style=\"\" data-widget=\"row.column\" data-container=\"container\" data-spacing=\"aaaa\">\n    \n        \n            <div class=\"moto-widget moto-widget-text moto-preset-default moto-spacing-top-auto moto-spacing-right-auto moto-spacing-bottom-auto moto-spacing-left-small\" data-widget=\"text\" data-preset=\"default\" data-spacing=\"aaas\" data-animation=\"\">\n    <div class=\"moto-widget-text-content moto-widget-text-editable\"><p class=\"moto-text_normal\"><a href=\"callto: #\" target=\"_self\" data-action=\"url\" class=\"moto-link\">+1 458 236 4575</a><br></p></div>\n</div>\n        \n    \n</div>\n\n                \n            \n        </div>\n    </div>\n</div></div><div class=\"moto-widget moto-widget-row__column moto-cell col-sm-8 moto-spacing-top-auto moto-spacing-right-auto moto-spacing-bottom-auto moto-spacing-left-auto\" style=\"\" data-widget=\"row.column\" data-container=\"container\" data-spacing=\"aaaa\">\n    \n{{ widget(\"map\", {\"preset\":\"default\",\"height\":310,\"animation\":\"\",\"spacing\":{\"top\":\"small\",\"right\":\"auto\",\"bottom\":\"small\",\"left\":\"auto\"},\"api\":{\"url\":\"//maps.google.com/maps?\",\"geoLoc\":\"Brooklyn,  United State\",\"zoom\":12}}) }}</div>\n\n                \n            \n        </div>\n    </div>\n</div>{{ widget(\"spacer\", {\"preset\":\"default\",\"height\":\"15px\",\"spacing\":{\"top\":\"medium\",\"right\":\"auto\",\"bottom\":\"medium\",\"left\":\"auto\"},\"visible_on\":\"mobile-v\"}) }}</div>\n        </div>\n    </div>\n</div><div class=\"moto-widget moto-widget-block moto-spacing-top-auto moto-spacing-right-auto moto-spacing-bottom-auto moto-spacing-left-auto\" data-widget=\"block\" data-spacing=\"aaaa\" style=\"\">\n    \n    <div class=\"container-fluid\">\n        <div class=\"row\">\n            <div class=\"moto-cell col-sm-12\" data-container=\"container\">\n                \n            {{ widget(\"spacer\", {\"preset\":\"default\",\"height\":\"15px\",\"spacing\":{\"top\":\"medium\",\"right\":\"auto\",\"bottom\":\"small\",\"left\":\"auto\"},\"visible_on\":\"mobile-v\"}) }}<div class=\"moto-widget moto-widget-row row-fixed moto-justify-content_center moto-spacing-top-auto moto-spacing-right-auto moto-spacing-bottom-auto moto-spacing-left-auto\" data-grid-type=\"sm\" data-widget=\"row\" data-spacing=\"aaaa\" style=\"\">\n    \n    <div class=\"container-fluid\">\n        <div class=\"row\" data-container=\"container\">\n            \n                \n                    <div class=\"moto-widget moto-widget-row__column moto-cell col-sm-3 moto-spacing-top-auto moto-spacing-right-auto moto-spacing-bottom-auto moto-spacing-left-auto\" style=\"\" data-widget=\"row.column\" data-container=\"container\" data-spacing=\"aaaa\">\n    \n        \n            <div class=\"moto-widget moto-widget-row row-gutter-0 moto-justify-content_center moto-spacing-top-small moto-spacing-right-auto moto-spacing-bottom-small moto-spacing-left-auto\" data-grid-type=\"xs\" data-widget=\"row\" data-spacing=\"sasa\" style=\"\">\n    \n    <div class=\"container-fluid\">\n        <div class=\"row\" data-container=\"container\">\n            \n                \n                    <div class=\"moto-widget moto-widget-row__column moto-cell col-xs-3 moto-spacing-top-auto moto-spacing-right-auto moto-spacing-bottom-auto moto-spacing-left-auto\" style=\"\" data-widget=\"row.column\" data-container=\"container\" data-spacing=\"aaaa\">\n    \n        \n            {{ widget(\"image\", {\"id\":null,\"src\":\"2017/09/mt-1174-home-logo.png\",\"alt\":\"\",\"title\":\"\",\"align\":{\"desktop\":\"\",\"tablet\":\"\",\"mobile-v\":\"\",\"mobile-h\":\"\"},\"preset\":\"default\",\"thumbnail\":\"\",\"animation\":\"\",\"link\":{\"action\":\"page\",\"properties\":{\"id\":1,\"target\":\"_self\",\"email\":\"\",\"subject\":\"\",\"body\":\"\"}},\"spacing\":{\"top\":\"auto\",\"right\":\"auto\",\"bottom\":\"auto\",\"left\":\"auto\"}}) }}\n        \n    \n</div>\n\n                \n            \n                \n                    <div class=\"moto-widget moto-widget-row__column moto-cell col-xs-9 moto-spacing-top-auto moto-spacing-right-auto moto-spacing-bottom-auto moto-spacing-left-auto\" style=\"\" data-widget=\"row.column\" data-container=\"container\" data-spacing=\"aaaa\">\n    \n        \n            <div class=\"moto-widget moto-widget-text moto-preset-default moto-spacing-top-small moto-spacing-right-auto moto-spacing-bottom-small moto-spacing-left-small\" data-widget=\"text\" data-preset=\"default\" data-spacing=\"sass\" data-animation=\"\">\n    <div class=\"moto-widget-text-content moto-widget-text-editable\"><p class=\"moto-text_system_1\"><a href=\"{{ Linker.pageLink(\'1\',\'/landing/mt-1174/\') }}\" data-action=\"page\" data-id=\"1\" class=\"moto-link\">Merciful</a><br></p><p class=\"moto-text_system_2\"><a href=\"{{ Linker.pageLink(\'1\',\'/landing/mt-1174/\') }}\" data-action=\"page\" data-id=\"1\" class=\"moto-link\">Chatiry Organization</a><br></p></div>\n</div>\n        \n    \n</div>\n\n                \n            \n        </div>\n    </div>\n</div>\n        \n    \n</div>\n\n                \n            \n                \n                    <div class=\"moto-widget moto-widget-row__column moto-cell col-sm-4 moto-spacing-top-auto moto-spacing-right-auto moto-spacing-bottom-auto moto-spacing-left-auto\" style=\"\" data-widget=\"row.column\" data-container=\"container\" data-spacing=\"aaaa\">\n    \n        \n            \n\n\n        \n    \n<div class=\"moto-widget moto-widget-text moto-preset-default moto-spacing-top-small moto-spacing-right-auto moto-spacing-bottom-small moto-spacing-left-auto\" data-widget=\"text\" data-preset=\"default\" data-spacing=\"sasa\" data-animation=\"\">\n    <div class=\"moto-widget-text-content moto-widget-text-editable\"><p class=\"moto-text_normal\">©Copyright | Merciful 2017. All Right Reserved&nbsp; Designed by <a target=\"_blank\" rel=\"nofollow\" data-action=\"url\" class=\"moto-link\" href=\"https://motocms.com\">MotoCMS.com</a><br></p></div>\n</div></div>\n\n                \n            \n                \n                    <div class=\"moto-widget moto-widget-row__column moto-cell col-sm-5 moto-spacing-top-auto moto-spacing-right-auto moto-spacing-bottom-auto moto-spacing-left-auto\" style=\"\" data-widget=\"row.column\" data-container=\"container\" data-spacing=\"aaaa\">\n    \n        \n            \n        \n    \n{{ widget(\"social_links\", {\"preset\":\"3\",\"align\":{\"desktop\":\"right\",\"tablet\":\"\",\"mobile-v\":\"center\",\"mobile-h\":\"left\"},\"spacing\":{\"top\":\"small\",\"right\":\"auto\",\"bottom\":\"small\",\"left\":\"auto\"},\"animation\":\"\",\"links\":[{\"provider\":\"facebook\",\"url\":\"http://demolink.motocms.com/\",\"order\":0,\"name\":\"\",\"icon\":\"\"},{\"provider\":\"twitter\",\"url\":\"http://demolink.motocms.com/\",\"order\":1,\"name\":\"\",\"icon\":\"\"},{\"provider\":\"googleplus\",\"url\":\"http://demolink.motocms.com/\",\"order\":2,\"name\":\"\",\"icon\":\"\"},{\"provider\":\"instagram\",\"url\":\"http://demolink.motocms.com/\",\"order\":3,\"name\":\"\",\"icon\":\"\"},{\"provider\":\"pinterest\",\"url\":\"\",\"order\":4,\"name\":\"\",\"icon\":\"\"},{\"provider\":\"linkedin\",\"url\":\"\",\"order\":5,\"name\":\"\",\"icon\":\"\"}]}) }}</div>\n\n                \n            \n        </div>\n    </div>\n</div>{{ widget(\"spacer\", {\"preset\":\"default\",\"height\":\"15px\",\"spacing\":{\"top\":\"medium\",\"right\":\"auto\",\"bottom\":\"small\",\"left\":\"auto\"},\"visible_on\":\"mobile-v\"}) }}</div>\n        </div>\n    </div>\n</div>','page','publish','public','{\"meta\":{\"canonical_url\":null},\"password\":\"\",\"feature_media\":{\"src\":null,\"alt\":null,\"type\":\"image\",\"title\":null}}','{\"name\":\"default\",\"sections\":{\"header\":{\"id\":1,\"visible\":false},\"footer\":{\"id\":2,\"visible\":false}}}',1,2,'{\"desktop\":{\"base\":[]},\"tablet\":{\"base\":[]},\"mobile-h\":{\"base\":[]},\"mobile-v\":{\"base\":[]}}',16,'moto-background','','2017-05-27 08:29:08','2017-09-20 07:32:07','2017-05-27 08:29:08',0),(2,'404','404','Page Not Found',1,0,1,NULL,NULL,0,'<div class=\"moto-widget moto-widget-block moto-spacing-top-auto moto-spacing-right-auto moto-spacing-bottom-auto moto-spacing-left-auto\" data-widget=\"block\" data-spacing=\"aaaa\" style=\"\">\n    \n    <div class=\"container-fluid\">\n        <div class=\"row\">\n            <div class=\"moto-cell col-sm-12\" data-container=\"container\">\n                \n            {{ widget(\"spacer\", {\"preset\":\"default\",\"height\":\"80px\",\"spacing\":{\"top\":\"large\",\"right\":\"auto\",\"bottom\":\"large\",\"left\":\"auto\"},\"visible_on\":\"mobile-v\"}) }}<div class=\"moto-widget moto-widget-row row-fixed moto-spacing-top-auto moto-spacing-right-auto moto-spacing-bottom-auto moto-spacing-left-auto\" data-grid-type=\"sm\" data-widget=\"row\" data-spacing=\"aaaa\" style=\"\">\n    \n    <div class=\"container-fluid\">\n        <div class=\"row\" data-container=\"container\">\n            \n                \n                    <div class=\"moto-widget moto-widget-row__column moto-cell col-sm-2 moto-spacing-top-auto moto-spacing-right-auto moto-spacing-bottom-auto moto-spacing-left-auto\" style=\"\" data-widget=\"row.column\" data-container=\"container\" data-spacing=\"aaaa\">\n    \n</div><div class=\"moto-widget moto-widget-row__column moto-cell col-sm-8 moto-spacing-top-auto moto-spacing-right-auto moto-spacing-bottom-auto moto-spacing-left-auto\" style=\"\" data-widget=\"row.column\" data-container=\"container\" data-spacing=\"aaaa\">\n    \n<div class=\"moto-widget moto-widget-container moto-container_content_59c1020a1\" data-widget=\"container\" data-container=\"container\" data-css-name=\"moto-container_content_59c1020a1\">\n    \n    \n{{ widget(\"spacer\", {\"preset\":\"default\",\"height\":\"10px\",\"spacing\":{\"top\":\"medium\",\"right\":\"auto\",\"bottom\":\"small\",\"left\":\"auto\"},\"visible_on\":\"mobile-v\"}) }}<div class=\"moto-widget moto-widget-text moto-preset-default moto-spacing-top-auto moto-spacing-right-auto moto-spacing-bottom-small moto-spacing-left-auto\" data-widget=\"text\" data-preset=\"default\" data-spacing=\"aasa\">\n    <div class=\"moto-widget-text-content moto-widget-text-editable\"><p style=\"text-align: center;\" class=\"moto-text_system_4\"><span class=\"moto-color3_3\"><strong>404</strong></span><br></p></div>\n</div><div class=\"moto-widget moto-widget-text moto-preset-default moto-spacing-top-small moto-spacing-right-auto moto-spacing-bottom-auto moto-spacing-left-auto\" data-widget=\"text\" data-preset=\"default\" data-spacing=\"saaa\">\n    <div class=\"moto-widget-text-content moto-widget-text-editable\"><p style=\"text-align: center;\" class=\"moto-text_system_6\"><span class=\"moto-color2_3\">SORRY, PAGE NOT FOUND!</span><br></p></div>\n</div><div class=\"moto-widget moto-widget-text moto-preset-default moto-spacing-top-small moto-spacing-right-auto moto-spacing-bottom-auto moto-spacing-left-auto\" data-widget=\"text\" data-preset=\"default\" data-spacing=\"saaa\">\n    <div class=\"moto-widget-text-content moto-widget-text-editable\"><p style=\"text-align: center;\" class=\"moto-text_normal\"><span class=\"moto-color2_3\">The page you are looking for might have been removed, had its name changed.<br></span></p></div>\n</div>{{ widget(\"button\", {\"link\":{\"action\":\"page\",\"properties\":{\"id\":1,\"target\":\"_self\",\"email\":\"\",\"subject\":\"\",\"body\":\"\"}},\"label\":\"Home Page\",\"align\":{\"desktop\":\"center\",\"tablet\":\"\",\"mobile-v\":\"\",\"mobile-h\":\"\"},\"size\":\"medium\",\"preset\":\"2\",\"animation\":\"\",\"spacing\":{\"top\":\"medium\",\"right\":\"auto\",\"bottom\":\"auto\",\"left\":\"auto\"},\"icon\":null}) }}{{ widget(\"spacer\", {\"preset\":\"default\",\"height\":\"20px\",\"spacing\":{\"top\":\"medium\",\"right\":\"auto\",\"bottom\":\"small\",\"left\":\"auto\"},\"visible_on\":\"mobile-v\"}) }}</div></div><div class=\"moto-widget moto-widget-row__column moto-cell col-sm-2 moto-spacing-top-auto moto-spacing-right-auto moto-spacing-bottom-auto moto-spacing-left-auto\" style=\"\" data-widget=\"row.column\" data-container=\"container\" data-spacing=\"aaaa\">\n    \n</div>\n\n                \n            \n        </div>\n    </div>\n</div>{{ widget(\"spacer\", {\"preset\":\"default\",\"height\":\"80px\",\"spacing\":{\"top\":\"large\",\"right\":\"auto\",\"bottom\":\"large\",\"left\":\"auto\"},\"visible_on\":\"mobile-v\"}) }}</div>\n        </div>\n    </div>\n</div>','page','publish','public','{\"meta\":{\"canonical_url\":null},\"password\":\"\",\"feature_media\":{\"src\":null,\"alt\":null,\"type\":\"image\",\"title\":null}}','{\"name\":\"default\",\"sections\":{\"header\":{\"id\":1,\"visible\":false},\"footer\":{\"id\":2,\"visible\":false}}}',1,2,'',17,'moto-background_1','','2014-11-03 17:50:04','2017-09-20 07:34:45','2014-11-03 17:50:04',0),(3,'Blog','blog','Blog',1,0,1,NULL,NULL,0,'<div class=\"moto-widget moto-widget-row row-fixed\" data-widget=\"row\">\r\n    <div class=\"container-fluid\">\r\n        <div class=\"row\">\r\n            <div class=\"moto-cell col-sm-9\" data-container=\"container\">\r\n                {{ widget(\"blog.post_list\", {\"spacing\":{\"top\":\"auto\",\"right\":\"auto\",\"bottom\":\"auto\",\"left\":\"auto\"},\"item_count\":3,\"read_more_label\":\"Read More\",\"preset\":\"default\"}) }}\r\n            </div>\r\n            <div class=\"moto-cell col-sm-3\" data-container=\"container\">\r\n                {{ widget(\"blog.recent_posts\", {\"spacing\":{\"top\":\"auto\",\"right\":\"auto\",\"bottom\":\"auto\",\"left\":\"auto\"},\"item_count\":5,\"title\":{\"label\":\"Recent Posts\"},\"preset\":\"default\"}) }}\r\n            </div>\r\n        </div>\r\n    </div>\r\n</div>','blog.index','draft','public','{\"meta\":{\"hideCanonical\":true},\"feature_media\":[]}','{\"name\":\"default\",\"sections\":{\"header\":{\"id\":1,\"visible\":true},\"footer\":{\"id\":2,\"visible\":true}}}',1,2,'',16,'moto-background','','2016-02-29 16:11:32','2016-02-29 16:11:32','2016-02-29 16:11:32',0),(4,'Post Template','moto-template-blog-post','Post Template',1,0,1,NULL,NULL,0,'<div class=\"moto-widget moto-widget-row row-fixed\" data-widget=\"row\">\r\n    <div class=\"container-fluid\">\r\n        <div class=\"row\">\r\n            <div class=\"moto-cell col-sm-9\" data-container=\"container\">\r\n                {{ widget(\"blog.post_name\", {\"spacing\":{\"top\":\"small\",\"right\":\"auto\",\"bottom\":\"small\",\"left\":\"auto\"},\"preset\":\"default\",\"text_style\":\"moto-text_system_7\"}) }}\r\n				<div class=\"moto-widget moto-widget-row\" data-widget=\"row\">\r\n					<div class=\"container-fluid\">\r\n						<div class=\"row\">\r\n							<div class=\"moto-cell col-sm-2\" data-container=\"container\">\r\n								{{ widget(\"blog.post_published_on\", {\"spacing\":{\"top\":\"auto\",\"right\":\"auto\",\"bottom\":\"small\",\"left\":\"auto\"},\"preset\":\"default\",\"font_style\":\"moto-text_system_11\"}) }}\r\n							</div>\r\n							<div class=\"moto-cell col-sm-10\" data-container=\"container\">\r\n								{{ widget(\"blog.post_author\", {\"spacing\":{\"top\":\"auto\",\"right\":\"auto\",\"bottom\":\"small\",\"left\":\"auto\"},\"preset\":\"default\",\"font_style\":\"moto-text_system_11\"}) }}\r\n							</div>\r\n						</div>\r\n					</div>\r\n				</div>\r\n				{{ widget(\"blog.post_content\", {\"spacing\":{\"top\":\"auto\",\"right\":\"auto\",\"bottom\":\"small\",\"left\":\"auto\"}}) }}\r\n				{{ widget(\"blog.post_comments\", {\"spacing\":{\"top\":\"small\",\"right\":\"auto\",\"bottom\":\"small\",\"left\":\"auto\"}}) }}\r\n			</div>\r\n			<div class=\"moto-cell col-sm-3\" data-container=\"container\">\r\n                {{ widget(\"blog.recent_posts\", {\"spacing\":{\"top\":\"auto\",\"right\":\"auto\",\"bottom\":\"auto\",\"left\":\"auto\"},\"item_count\":5,\"title\":{\"label\":\"Recent Posts\"},\"preset\":\"default\"}) }}\r\n            </div>\r\n        </div>\r\n    </div>\r\n</div>','template.blog.post','publish','public','{\"meta\":{\"hideCanonical\":true},\"feature_media\":[]}','{\"name\":\"default\",\"sections\":{\"header\":{\"id\":1,\"visible\":true},\"footer\":{\"id\":2,\"visible\":true}}}',1,2,'',16,'moto-background','','2016-02-29 16:11:32','2016-02-29 16:11:32','2016-02-29 16:11:32',0),(5,'My first post','my-first-post','My first post',1,3,0,NULL,NULL,0,'<div class=\"moto-widget moto-widget-row\" data-widget=\"row\">\r\n    <div class=\"container-fluid\">\r\n        <div class=\"row\">\r\n            <div class=\"moto-cell col-sm-12\" data-container=\"container\">\r\n                <div class=\"moto-widget moto-widget-text moto-preset-default moto-spacing-top-auto moto-spacing-right-auto moto-spacing-bottom-auto moto-spacing-left-auto\" data-widget=\"text\" data-preset=\"default\" data-spacing=\"aaaa\">\r\n                    <div class=\"moto-widget-text-content moto-widget-text-editable\"><p class=\"moto-text_system_10\">This is a post content. Click here for editing</p></div>\r\n                </div>\r\n            </div>\r\n        </div>\r\n    </div>\r\n</div>','blog.post','draft','public','{\"feature_media\":[]}','{\"name\":\"default\",\"sections\":{\"header\":{\"id\":0,\"visible\":true},\"footer\":{\"id\":0,\"visible\":true}}}',1,2,'',0,'','<p class=\"moto-text_system_10\">This is a short description for your post. You can easily change it under post properties using \"Edit Short Description\" button.</p>','2016-02-29 16:11:32','2016-02-29 16:11:32','2016-02-29 16:11:32',0),(6,'Password Protected','password-protected','Password Protected',1,0,1,NULL,NULL,0,'<div class=\"moto-widget moto-widget-block moto-spacing-top-auto moto-spacing-right-auto moto-spacing-bottom-auto moto-spacing-left-auto\" data-widget=\"block\" data-spacing=\"aaaa\" style=\"\">\n    \n    <div class=\"container-fluid\">\n        <div class=\"row\">\n            <div class=\"moto-cell col-sm-12\" data-container=\"container\">\n                \n                    \n                        {{ widget(\"spacer\", {\"preset\":\"default\",\"height\":\"80px\",\"spacing\":{\"top\":\"large\",\"right\":\"auto\",\"bottom\":\"large\",\"left\":\"auto\"},\"visible_on\":\"mobile-v\"}) }}\n                    \n                \n                    \n                        <div class=\"moto-widget moto-widget-row row-fixed moto-spacing-top-auto moto-spacing-right-auto moto-spacing-bottom-auto moto-spacing-left-auto\" data-grid-type=\"sm\" data-widget=\"row\" data-spacing=\"aaaa\" style=\"\">\n    \n    <div class=\"container-fluid\">\n        <div class=\"row\" data-container=\"container\">\n            \n                \n                    <div class=\"moto-widget moto-widget-row__column moto-cell col-sm-2 moto-spacing-top-auto moto-spacing-right-auto moto-spacing-bottom-auto moto-spacing-left-auto\" style=\"\" data-widget=\"row.column\" data-container=\"container\" data-spacing=\"aaaa\">\n    \n</div>\n\n                \n            \n                \n                    <div class=\"moto-widget moto-widget-row__column moto-cell col-sm-8 moto-spacing-top-auto moto-spacing-right-auto moto-spacing-bottom-auto moto-spacing-left-auto\" style=\"\" data-widget=\"row.column\" data-container=\"container\" data-spacing=\"aaaa\">\n    \n        \n            <div class=\"moto-widget moto-widget-container moto-container_content_59c103d72\" data-widget=\"container\" data-container=\"container\" data-css-name=\"moto-container_content_59c103d72\">\n    \n    \n        \n            {{ widget(\"spacer\", {\"preset\":\"default\",\"height\":\"10px\",\"spacing\":{\"top\":\"medium\",\"right\":\"auto\",\"bottom\":\"small\",\"left\":\"auto\"},\"visible_on\":\"mobile-v\"}) }}\n        \n    \n        \n            \n        \n    \n        \n            <div class=\"moto-widget moto-widget-text moto-preset-default moto-spacing-top-small moto-spacing-right-auto moto-spacing-bottom-auto moto-spacing-left-auto\" data-widget=\"text\" data-preset=\"default\" data-spacing=\"saaa\" data-animation=\"\">\n    <div class=\"moto-widget-text-content moto-widget-text-editable\"><p style=\"text-align: center;\" class=\"moto-text_system_6\"><span class=\"moto-color2_3\">PROTECTED PAGE<br></span></p></div>\n</div>\n        \n    \n        \n            <div class=\"moto-widget moto-widget-text moto-preset-default moto-spacing-top-small moto-spacing-right-auto moto-spacing-bottom-auto moto-spacing-left-auto\" data-widget=\"text\" data-preset=\"default\" data-spacing=\"saaa\" data-animation=\"\">\n    <div class=\"moto-widget-text-content moto-widget-text-editable\"><p style=\"text-align: center;\" class=\"moto-text_normal\"><span class=\"moto-color2_3\">Please enter the password to continue.<br></span></p></div>\n</div>\n        \n    \n        \n            {{ widget(\"auth_form\", {\"preset\":\"default\",\"animation\":\"\",\"spacing\":{\"top\":\"medium\",\"right\":\"medium\",\"bottom\":\"auto\",\"left\":\"medium\"},\"fields\":{\"password\":{\"enabled\":true,\"required\":true,\"type\":\"text\",\"placeholder\":\"Password\"}},\"messages\":{\"required\":\"Field is required\",\"wrong_password\":\"Wrong password\",\"error\":\"Server unavailable. Please try again.\"},\"buttons\":{\"submit\":{\"preset\":\"2\",\"size\":\"medium\",\"align\":\"center\",\"label\":\"OK\"}},\"settings\":[]}) }}\n        \n    \n        \n            {{ widget(\"spacer\", {\"preset\":\"default\",\"height\":\"20px\",\"spacing\":{\"top\":\"medium\",\"right\":\"auto\",\"bottom\":\"small\",\"left\":\"auto\"},\"visible_on\":\"mobile-v\"}) }}\n        \n    \n</div>\n        \n    \n</div>\n\n                \n            \n                \n                    <div class=\"moto-widget moto-widget-row__column moto-cell col-sm-2 moto-spacing-top-auto moto-spacing-right-auto moto-spacing-bottom-auto moto-spacing-left-auto\" style=\"\" data-widget=\"row.column\" data-container=\"container\" data-spacing=\"aaaa\">\n    \n</div>\n\n                \n            \n        </div>\n    </div>\n</div>\n                    \n                \n                    \n                        {{ widget(\"spacer\", {\"preset\":\"default\",\"height\":\"80px\",\"spacing\":{\"top\":\"large\",\"right\":\"auto\",\"bottom\":\"large\",\"left\":\"auto\"},\"visible_on\":\"mobile-v\"}) }}\n                    \n                \n            </div>\n        </div>\n    </div>\n</div>','page','publish','public','{\"meta\":{\"noindex\":true,\"canonical_url\":null},\"password\":\"\",\"feature_media\":{\"src\":null,\"alt\":null,\"type\":\"image\",\"title\":null}}','{\"name\":\"default\",\"sections\":{\"header\":{\"id\":1,\"visible\":false},\"footer\":{\"id\":2,\"visible\":false}}}',1,2,'',17,'moto-background_1','','2016-08-23 11:26:59','2017-09-19 11:48:47','2016-08-23 11:26:59',0),(7,'Under Construction','under-construction','Under Construction',1,0,1,NULL,NULL,0,'<div class=\"moto-widget moto-widget-block moto-spacing-top-auto moto-spacing-right-auto moto-spacing-bottom-auto moto-spacing-left-auto\" data-widget=\"block\" data-spacing=\"aaaa\" style=\"\">\n    \n    <div class=\"container-fluid\">\n        <div class=\"row\">\n            <div class=\"moto-cell col-sm-12\" data-container=\"container\">\n                \n                    \n                        {{ widget(\"spacer\", {\"preset\":\"default\",\"height\":\"80px\",\"spacing\":{\"top\":\"large\",\"right\":\"auto\",\"bottom\":\"large\",\"left\":\"auto\"},\"visible_on\":\"mobile-v\"}) }}\n                    \n                \n                    \n                        <div class=\"moto-widget moto-widget-row row-fixed moto-spacing-top-auto moto-spacing-right-auto moto-spacing-bottom-auto moto-spacing-left-auto\" data-grid-type=\"sm\" data-widget=\"row\" data-spacing=\"aaaa\" style=\"\">\n    \n    <div class=\"container-fluid\">\n        <div class=\"row\" data-container=\"container\">\n            \n                \n                    <div class=\"moto-widget moto-widget-row__column moto-cell col-sm-2 moto-spacing-top-auto moto-spacing-right-auto moto-spacing-bottom-auto moto-spacing-left-auto\" style=\"\" data-widget=\"row.column\" data-container=\"container\" data-spacing=\"aaaa\">\n    \n</div>\n\n                \n            \n                \n                    <div class=\"moto-widget moto-widget-row__column moto-cell col-sm-8 moto-spacing-top-auto moto-spacing-right-auto moto-spacing-bottom-auto moto-spacing-left-auto\" style=\"\" data-widget=\"row.column\" data-container=\"container\" data-spacing=\"aaaa\">\n    \n        \n            <div class=\"moto-widget moto-widget-container moto-container_content_59c104623\" data-widget=\"container\" data-container=\"container\" data-css-name=\"moto-container_content_59c104623\">\n    \n    \n        \n            {{ widget(\"spacer\", {\"preset\":\"default\",\"height\":\"10px\",\"spacing\":{\"top\":\"large\",\"right\":\"auto\",\"bottom\":\"auto\",\"left\":\"auto\"},\"visible_on\":\"mobile-v\"}) }}\n        \n    \n        \n            <div class=\"moto-widget moto-widget-text moto-preset-default moto-spacing-top-auto moto-spacing-right-auto moto-spacing-bottom-auto moto-spacing-left-auto\" data-widget=\"text\" data-preset=\"default\" data-spacing=\"aaaa\" data-animation=\"\">\n    <div class=\"moto-widget-text-content moto-widget-text-editable\"><p style=\"text-align: center;\" class=\"moto-text_system_6\"><span class=\"moto-color2_3\">UNDER CONSTRUCTION<br></span></p></div>\n</div>\n        \n    \n        \n            \n        \n    \n        \n            {{ widget(\"spacer\", {\"preset\":\"default\",\"height\":\"10px\",\"spacing\":{\"top\":\"large\",\"right\":\"auto\",\"bottom\":\"auto\",\"left\":\"auto\"},\"visible_on\":\"mobile-v\"}) }}\n        \n    \n</div>\n        \n    \n</div>\n\n                \n            \n                \n                    <div class=\"moto-widget moto-widget-row__column moto-cell col-sm-2 moto-spacing-top-auto moto-spacing-right-auto moto-spacing-bottom-auto moto-spacing-left-auto\" style=\"\" data-widget=\"row.column\" data-container=\"container\" data-spacing=\"aaaa\">\n    \n</div>\n\n                \n            \n        </div>\n    </div>\n</div>\n                    \n                \n                    \n                        {{ widget(\"spacer\", {\"preset\":\"default\",\"height\":\"80px\",\"spacing\":{\"top\":\"large\",\"right\":\"auto\",\"bottom\":\"large\",\"left\":\"auto\"},\"visible_on\":\"mobile-v\"}) }}\n                    \n                \n            </div>\n        </div>\n    </div>\n</div>','page','publish','public','{\"meta\":{\"noindex\":true,\"canonical_url\":null},\"password\":\"\",\"feature_media\":{\"src\":null,\"alt\":null,\"type\":\"image\",\"title\":null}}','{\"name\":\"default\",\"sections\":{\"header\":{\"id\":1,\"visible\":false},\"footer\":{\"id\":2,\"visible\":false}}}',1,2,'{\"desktop\":{\"base\":[]},\"tablet\":{\"base\":[]},\"mobile-h\":{\"base\":[]},\"mobile-v\":{\"base\":[]}}',17,'moto-background_1','','2016-08-23 11:26:59','2017-09-20 07:34:38','2016-08-23 11:26:59',0);
INSERT  IGNORE INTO `pages_treepath` (`ancestor`, `descendant`, `level`) VALUES (2,2,0),(3,3,0),(3,5,1),(4,4,0),(5,5,0),(6,6,0),(7,7,0);
INSERT  IGNORE INTO `presets` (`id`, `name`, `widget_name`, `class_name`, `is_system`, `is_responsive`, `properties`, `template`, `created`, `modified`) VALUES (1,'Preset 1','divider_horizontal','moto-preset-default',1,0,'{\"line\":{\"desktop\":{\"base\":{\"border-top-width\":\"2px\",\"border-top-style\":\"solid\",\"border-top-color\":\"@baseColor1_3\"}}}}','default','2017-09-18 09:24:28','2017-09-18 09:24:28'),(2,'Preset 2','divider_horizontal','moto-preset-2',1,0,'{\"line\":{\"desktop\":{\"base\":{\"border-top-width\":\"2px\",\"border-top-style\":\"solid\",\"border-top-color\":\"@baseColor3_3\"}}}}','default','2017-09-18 09:24:28','2017-09-18 09:24:29'),(3,'Preset 3','divider_horizontal','moto-preset-3',1,0,'{\"line\":{\"desktop\":{\"base\":{\"border-top-width\":\"1px\",\"border-top-style\":\"solid\",\"border-top-color\":\"@baseColor5_3\"}}}}','default','2017-09-18 09:24:29','2017-09-19 07:44:54'),(4,'Preset 1','image','moto-preset-default',1,0,'{\"icon\":[],\"layer\":[],\"image\":[]}','default','2017-09-18 09:24:29','2017-09-18 09:24:29'),(5,'Preset 2','image','moto-preset-2',1,0,'{\"icon\":[],\"layer\":[],\"image\":[]}','default','2017-09-18 09:24:29','2017-09-18 09:24:29'),(6,'Preset 3','image','moto-preset-3',1,0,'{\"icon\":{\"desktop\":{\"base\":{\"after\":{\"color\":\"transparent\"}},\"hover\":{\"after\":{\"color\":\"@baseColor5_5\"}}}},\"layer\":{\"desktop\":{\"base\":{\"background-color\":\"transparent\",\"border-color\":\"transparent\"},\"hover\":{\"background-color\":\"rgba(0, 0, 0, 0.5)\",\"border-color\":\"transparent\"}}},\"image\":[]}','default','2017-09-18 09:24:29','2017-09-18 09:24:29'),(7,'Preset 4','image','moto-preset-4',1,0,'{\"icon\":[],\"layer\":{\"desktop\":{\"base\":{\"background-color\":\"transparent\",\"border-color\":\"transparent\"},\"hover\":{\"background-color\":\"transparent\",\"border-color\":\"@baseColor1_3\"}}},\"image\":[]}','default','2017-09-18 09:24:29','2017-09-18 09:24:29'),(8,'Preset 5','image','moto-preset-5',1,0,'{\"icon\":{\"desktop\":{\"base\":{\"after\":{\"color\":\"transparent\"}},\"hover\":{\"after\":{\"color\":\"@baseColor1_3\"}}}},\"layer\":{\"desktop\":{\"base\":{\"background-color\":\"transparent\",\"border-color\":\"transparent\"},\"hover\":{\"background-color\":\"rgba(104, 61, 74, 0.5)\",\"border-color\":\"transparent\"}}},\"image\":[]}','default','2017-09-18 09:24:29','2017-09-18 09:24:29'),(9,'Preset 1','button','moto-preset-default',1,0,'{\"button\":{\"desktop\":{\"base\":{\"font-family\":\"\'Merriweather\', serif\",\"font-weight\":\"400\",\"font-style\":\"normal\",\"color\":\"@baseColor5_5\",\"background-color\":\"@baseColor1_3\",\"border-color\":\"@baseColor1_3\"},\"hover\":{\"color\":\"@baseColor5_5\",\"background-color\":\"@customColor3\",\"border-color\":\"@customColor3\"}}},\"icon\":[],\"link\":{\"desktop\":{\"base\":{\"text-decoration\":\"none\"},\"hover\":{\"text-decoration\":\"\"}}}}','default','2017-09-18 09:24:29','2017-09-18 09:24:29'),(10,'Preset 2','button','moto-preset-2',1,0,'{\"button\":{\"desktop\":{\"base\":{\"font-family\":\"\'Merriweather\', serif\",\"font-weight\":\"400\",\"font-style\":\"normal\",\"color\":\"@baseColor5_5\",\"background-color\":\"@baseColor3_5\",\"border-color\":\"@baseColor3_5\"},\"hover\":{\"color\":\"@baseColor5_5\",\"background-color\":\"@baseColor2_3\",\"border-color\":\"@baseColor2_3\"}}},\"icon\":[],\"link\":{\"desktop\":{\"base\":{\"text-decoration\":\"none\"},\"hover\":{\"text-decoration\":\"\"}}}}','default','2017-09-18 09:24:29','2017-09-18 09:24:29'),(11,'Preset 3','button','moto-preset-3',1,0,'{\"button\":{\"desktop\":{\"base\":{\"font-family\":\"\'Merriweather\', serif\",\"font-weight\":\"400\",\"font-style\":\"normal\",\"color\":\"@baseColor2_3\",\"background-color\":\"@baseColor5_1\",\"border-color\":\"transparent\"},\"hover\":{\"color\":\"@baseColor5_5\",\"background-color\":\"@customColor5\",\"border-color\":\"transparent\"}}},\"icon\":[],\"link\":{\"desktop\":{\"base\":{\"text-decoration\":\"none\"},\"hover\":{\"text-decoration\":\"\"}}}}','default','2017-09-18 09:24:29','2017-09-18 09:24:29'),(12,'Preset 4','button','moto-preset-4',1,0,'{\"button\":{\"desktop\":{\"base\":{\"font-family\":\"\'Merriweather\', serif\",\"font-weight\":\"400\",\"font-style\":\"normal\",\"color\":\"@baseColor2_3\",\"background-color\":\"transparent\",\"border-color\":\"@baseColor1_3\"},\"hover\":{\"color\":\"@baseColor2_3\",\"background-color\":\"transparent\",\"border-color\":\"@baseColor1_3\"}}},\"icon\":[],\"link\":{\"desktop\":{\"base\":{\"text-decoration\":\"none\"},\"hover\":{\"text-decoration\":\"\"}}}}','default','2017-09-18 09:24:29','2017-09-18 09:24:29'),(13,'Preset 5','button','moto-preset-5',1,0,'{\"button\":{\"desktop\":{\"base\":{\"font-family\":\"\'Merriweather\', serif\",\"font-weight\":\"400\",\"font-style\":\"normal\",\"color\":\"@baseColor5_5\",\"background-color\":\"transparent\",\"border-color\":\"@baseColor5_5\"},\"hover\":{\"color\":\"@baseColor5_5\",\"background-color\":\"@baseColor1_3\",\"border-color\":\"@baseColor1_3\"}}},\"icon\":{\"desktop\":{\"base\":{\"before\":{\"color\":\"@baseColor5_5\"}},\"hover\":{\"before\":{\"color\":\"@baseColor5_5\"}}}},\"link\":{\"desktop\":{\"base\":{\"text-decoration\":\"none\"},\"hover\":{\"text-decoration\":\"\"}}}}','default','2017-09-18 09:24:29','2017-09-18 09:24:29'),(14,'Preset 1','social_links','moto-preset-default',1,0,'{\"social_links\":{\"desktop\":{\"base\":{\"before\":{\"color\":\"@baseColor1_3\"}},\"hover\":{\"before\":{\"color\":\"@baseColor3_3\"}}}}}','default','2017-09-18 09:24:29','2017-09-18 09:24:29'),(15,'Preset 2','social_links','moto-preset-2',1,0,'{\"social_links\":{\"desktop\":{\"base\":{\"before\":{\"color\":\"@baseColor2_3\"},\"border-color\":\"@baseColor1_3\",\"background-color\":\"transparent\"},\"hover\":{\"before\":{\"color\":\"@baseColor5_5\"},\"border-color\":\"@baseColor1_3\",\"background-color\":\"@baseColor1_3\"}}}}','default','2017-09-18 09:24:29','2017-09-18 09:24:29'),(16,'Preset 3','social_links','moto-preset-3',1,0,'{\"social_links\":{\"desktop\":{\"base\":{\"before\":{\"color\":\"@baseColor1_3\"},\"background-color\":\"@baseColor5_3\"},\"hover\":{\"before\":{\"color\":\"@baseColor5_5\"},\"background-color\":\"rgba(104, 61, 74, 0.5)\"}}}}','default','2017-09-18 09:24:29','2017-09-18 09:24:29'),(17,'Preset 1','slider','moto-preset-default',1,0,'{\"caption\":{\"desktop\":{\"base\":{\"carousel-background-color\":\"transparent\",\"font-family\":\"\'Merriweather\', serif\",\"font-weight\":\"400\",\"font-style\":\"normal\",\"color\":\"@baseColor5_5\",\"text-decoration\":\"none\",\"background-color\":\"transparent\"}}},\"arrows\":{\"desktop\":{\"base\":{\"background-color\":\"@baseColor3_3\",\"before\":{\"color\":\"@baseColor5_5\"},\"border-color\":\"transparent\"},\"hover\":{\"background-color\":\"@baseColor1_3\",\"before\":{\"color\":\"@baseColor5_3\"},\"border-color\":\"transparent\"}}},\"pagination\":{\"desktop\":{\"base\":{\"border-color\":\"transparent\",\"background-color\":\"@baseColor5_3\"},\"hover\":{\"border-color\":\"transparent\",\"background-color\":\"@baseColor1_3\"}}},\"current_pagination\":{\"desktop\":{\"base\":{\"border-color\":\"transparent\",\"background-color\":\"@baseColor1_3\"},\"hover\":{\"border-color\":\"transparent\",\"background-color\":\"@baseColor1_3\"}}}}','default','2017-09-18 09:24:29','2017-09-20 06:31:25'),(18,'Preset 2','slider','moto-preset-2',1,0,'{\"caption\":{\"desktop\":{\"base\":{\"carousel-background-color\":\"transparent\",\"font-family\":\"\'Merriweather\', serif\",\"font-weight\":\"400\",\"font-style\":\"normal\",\"color\":\"@baseColor5_5\",\"text-decoration\":\"none\",\"background-color\":\"transparent\"}}},\"arrows\":{\"desktop\":{\"base\":{\"background-color\":\"@baseColor1_3\",\"before\":{\"color\":\"@baseColor3_3\"},\"border-color\":\"transparent\"},\"hover\":{\"background-color\":\"@baseColor3_3\",\"before\":{\"color\":\"@baseColor1_3\"}}}},\"pagination\":{\"desktop\":{\"base\":{\"border-color\":\"transparent\",\"background-color\":\"@baseColor4_3\"},\"hover\":{\"border-color\":\"transparent\",\"background-color\":\"@baseColor1_3\"}}},\"current_pagination\":{\"desktop\":{\"base\":{\"border-color\":\"transparent\",\"background-color\":\"@baseColor1_3\"},\"hover\":{\"border-color\":\"transparent\",\"background-color\":\"@baseColor1_3\"}}}}','default','2017-09-18 09:24:29','2017-09-18 10:02:16'),(19,'Preset 1','grid_gallery','moto-preset-default',1,0,'{\"caption\":{\"desktop\":{\"base\":{\"font-family\":\"\'Open Sans\', sans-serif\",\"font-weight\":\"400\",\"font-style\":\"normal\",\"text-decoration\":\"none\",\"color\":\"@customColor2\",\"background-color\":\"transparent\"}}},\"image\":{\"desktop\":{\"base\":{\"before\":{\"background-color\":\"transparent\"},\"after\":{\"color\":\"transparent\"}},\"hover\":{\"before\":{\"background-color\":\"rgba(0, 0, 0, 0.5)\"},\"after\":{\"color\":\"@baseColor5_5\"}}}}}','default','2017-09-18 09:24:29','2017-09-18 09:24:29'),(20,'Preset 2','grid_gallery','moto-preset-2',1,0,'{\"caption\":{\"desktop\":{\"base\":{\"font-family\":\"\'Open Sans\', sans-serif\",\"font-weight\":\"400\",\"font-style\":\"normal\",\"text-decoration\":\"none\",\"color\":\"@baseColor5_5\",\"background-color\":\"transparent\"}}},\"image\":{\"desktop\":{\"base\":{\"before\":{\"background-color\":\"transparent\"}},\"hover\":{\"before\":{\"background-color\":\"rgba(255, 255, 255, 0.4)\"}}}}}','default','2017-09-18 09:24:29','2017-09-20 07:29:24'),(21,'Preset 3','grid_gallery','moto-preset-3',1,0,'{\"caption\":{\"desktop\":{\"base\":{\"font-family\":\"\'Open Sans\', sans-serif\",\"font-weight\":\"400\",\"font-style\":\"normal\",\"text-decoration\":\"none\",\"color\":\"@customColor2\",\"background-color\":\"transparent\"}}},\"image\":{\"desktop\":{\"base\":{\"before\":{\"background-color\":\"transparent\"},\"after\":{\"color\":\"transparent\"}},\"hover\":{\"before\":{\"background-color\":\"rgba(0, 0, 0, 0.3)\"},\"after\":{\"color\":\"@customColor2\"}}}}}','default','2017-09-18 09:24:30','2017-09-18 09:24:30'),(22,'Preset 1','contact_form','moto-preset-default',1,0,'{\"form\":{\"desktop\":{\"base\":{\"font-family\":\"\'Open Sans\', sans-serif\",\"background-color\":\"transparent\"}}},\"input_label\":[],\"input_normal\":{\"desktop\":{\"base\":{\"color\":\"@customColor3\",\"background-color\":\"@baseColor5_5\",\"font-style\":\"normal\",\"font-weight\":\"400\",\"border-color\":\"transparent\"}}},\"input_error\":{\"desktop\":{\"base\":{\"color\":\"@customColor3\",\"background-color\":\"@baseColor5_5\",\"border-color\":\"@customColor4\"}}},\"input_error_message\":{\"desktop\":{\"base\":{\"font-style\":\"normal\",\"font-weight\":\"400\",\"color\":\"@customColor4\"}}},\"form_error_message\":{\"desktop\":{\"base\":{\"font-style\":\"normal\",\"font-weight\":\"400\",\"color\":\"@customColor4\"}}},\"form_success_message\":{\"desktop\":{\"base\":{\"font-style\":\"normal\",\"font-weight\":\"400\",\"color\":\"@baseColor3_3\"}}},\"input_placeholder\":{\"desktop\":{\"base\":{\"color\":\"@customColor3\"}}}}','default','2017-09-18 09:24:30','2017-09-20 07:06:29'),(23,'Preset 2','contact_form','moto-preset-2',1,0,'{\"form\":{\"desktop\":{\"base\":{\"font-family\":\"\'Open Sans\', sans-serif\",\"background-color\":\"transparent\"}}},\"input_label\":{\"desktop\":{\"base\":{\"color\":\"@baseColor3_3\"}}},\"input_normal\":{\"desktop\":{\"base\":{\"color\":\"@baseColor2_3\",\"background-color\":\"@baseColor5_3\",\"font-style\":\"normal\",\"font-weight\":\"400\",\"border-color\":\"@customColor2\"}}},\"input_error\":{\"desktop\":{\"base\":{\"color\":\"@baseColor2_3\",\"background-color\":\"@baseColor5_3\",\"border-color\":\"@customColor4\"}}},\"input_error_message\":{\"desktop\":{\"base\":{\"font-style\":\"normal\",\"font-weight\":\"400\",\"color\":\"@customColor4\"}}},\"form_error_message\":{\"desktop\":{\"base\":{\"font-style\":\"normal\",\"font-weight\":\"400\",\"color\":\"@customColor4\"}}},\"form_success_message\":{\"desktop\":{\"base\":{\"font-style\":\"normal\",\"font-weight\":\"400\",\"color\":\"@baseColor2_3\"}}},\"input_placeholder\":{\"desktop\":{\"base\":{\"color\":\"@baseColor2_3\"}}}}','default','2017-09-18 09:24:30','2017-09-18 09:24:30'),(24,'Preset 3','contact_form','moto-preset-3',1,0,'{\"form\":{\"desktop\":{\"base\":{\"font-family\":\"\'Open Sans\', sans-serif\",\"background-color\":\"transparent\"}}},\"input_label\":[],\"input_normal\":{\"desktop\":{\"base\":{\"color\":\"@customColor3\",\"background-color\":\"transparent\",\"font-style\":\"normal\",\"font-weight\":\"400\",\"border-color\":\"@baseColor4_3\"}}},\"input_error\":{\"desktop\":{\"base\":{\"color\":\"@customColor3\",\"background-color\":\"transparent\",\"border-color\":\"@baseColor4_3\"}}},\"input_error_message\":{\"desktop\":{\"base\":{\"font-style\":\"normal\",\"font-weight\":\"400\",\"color\":\"@customColor4\"}}},\"form_error_message\":{\"desktop\":{\"base\":{\"font-style\":\"normal\",\"font-weight\":\"400\",\"color\":\"@customColor4\"}}},\"form_success_message\":{\"desktop\":{\"base\":{\"font-style\":\"normal\",\"font-weight\":\"400\",\"color\":\"@customColor3\"}}},\"input_placeholder\":{\"desktop\":{\"base\":{\"color\":\"@customColor3\"}}}}','default','2017-09-18 09:24:30','2017-09-18 09:24:30'),(25,'Preset 1','menu','moto-preset-default',1,0,'{\"menu_container\":[],\"menu_item\":{\"desktop\":{\"base\":{\"font-family\":\"\'Merriweather\', serif\",\"font-weight\":\"400\",\"font-style\":\"normal\",\"color\":\"@baseColor2_3\",\"text-decoration\":\"none\"},\"hover\":{\"color\":\"@baseColor1_3\",\"text-decoration\":\"\"}}},\"menu_item_active\":{\"desktop\":{\"base\":{\"color\":\"@baseColor2_3\",\"text-decoration\":\"none\"},\"hover\":{\"color\":\"@baseColor1_3\",\"text-decoration\":\"\"}}},\"menu_item_delimiter\":[],\"menu_item_icon\":[],\"menu_item_icon_active\":[],\"sub_menu_container\":{\"desktop\":{\"base\":{\"background-color\":\"@baseColor3_3\"}}},\"sub_menu_item\":{\"desktop\":{\"base\":{\"font-family\":\"\'Merriweather\', serif\",\"font-weight\":\"400\",\"font-style\":\"normal\",\"color\":\"@baseColor5_5\",\"text-decoration\":\"none\",\"background-color\":\"transparent\"},\"hover\":{\"color\":\"@baseColor1_3\",\"text-decoration\":\"\",\"background-color\":\"transparent\"}}},\"mobile_icon\":{\"mobile\":{\"base\":{\"color\":\"@baseColor5_5\",\"background-color\":\"@baseColor3_3\"}}},\"mobile_icon_active\":{\"mobile\":{\"base\":{\"color\":\"@baseColor5_5\",\"background-color\":\"@baseColor3_3\"}}},\"mobile_menu_container\":{\"mobile\":{\"base\":{\"border-color\":\"@baseColor2_3\"}}},\"mobile_menu_item\":{\"mobile\":{\"base\":{\"color\":\"@baseColor5_5\",\"text-decoration\":\"none\",\"background-color\":\"@baseColor2_3\"}}},\"mobile_menu_item_active\":{\"mobile\":{\"base\":{\"color\":\"@baseColor5_5\",\"text-decoration\":\"none\",\"background-color\":\"@baseColor1_3\"}}},\"mobile_menu_item_delimiter\":{\"mobile\":{\"base\":{\"border-color\":\"@baseColor2_3\"}}},\"mobile_menu_item_icon\":[],\"mobile_menu_item_icon_active\":[],\"mobile_sub_menu_container\":{\"mobile\":{\"base\":{\"background-color\":\"@baseColor2_3\"}}},\"mobile_sub_menu_item\":{\"mobile\":{\"base\":{\"color\":\"@baseColor5_5\",\"text-decoration\":\"none\",\"background-color\":\"transparent\"}}},\"mobile_sub_menu_item_active\":{\"mobile\":{\"base\":{\"color\":\"@baseColor5_5\",\"text-decoration\":\"none\",\"background-color\":\"@baseColor1_3\"}}},\"sub_menu_item_icon\":[],\"sub_menu_item_active\":{\"desktop\":{\"base\":{\"color\":\"@baseColor5_5\",\"text-decoration\":\"none\",\"background-color\":\"transparent\"},\"hover\":{\"color\":\"@baseColor1_3\",\"text-decoration\":\"\",\"background-color\":\"transparent\"}}},\"sub_menu_item_active_icon\":[],\"mobile_sub_menu_item_icon\":[],\"mobile_sub_menu_item_active_icon\":[]}','default','2017-09-18 09:24:30','2017-09-20 06:37:38'),(26,'Preset 2','menu','moto-preset-2',1,0,'{\"menu_container\":[],\"menu_item\":{\"desktop\":{\"base\":{\"font-family\":\"\'Open Sans\', sans-serif\",\"font-weight\":\"400\",\"font-style\":\"normal\",\"color\":\"@baseColor2_3\",\"text-decoration\":\"none\",\"background-color\":\"transparent\",\"border-color\":\"@baseColor1_3\"},\"hover\":{\"color\":\"@baseColor2_3\",\"text-decoration\":\"\",\"background-color\":\"transparent\",\"border-color\":\"@baseColor1_3\"}}},\"menu_item_active\":{\"desktop\":{\"base\":{\"color\":\"@baseColor2_3\",\"text-decoration\":\"none\",\"background-color\":\"transparent\",\"border-color\":\"@baseColor1_3\"},\"hover\":{\"color\":\"@baseColor2_3\",\"text-decoration\":\"\",\"background-color\":\"transparent\",\"border-color\":\"@baseColor1_3\"}}},\"menu_item_delimiter\":[],\"menu_item_icon\":[],\"menu_item_icon_active\":[],\"sub_menu_container\":{\"desktop\":{\"base\":{\"background-color\":\"@baseColor5_5\"}}},\"sub_menu_item\":{\"desktop\":{\"base\":{\"font-family\":\"\'Open Sans\', sans-serif\",\"font-weight\":\"400\",\"font-style\":\"normal\",\"color\":\"@baseColor3_3\",\"text-decoration\":\"none\",\"background-color\":\"transparent\"},\"hover\":{\"color\":\"@baseColor1_3\",\"text-decoration\":\"\",\"background-color\":\"transparent\"}}},\"mobile_icon\":{\"mobile\":{\"base\":{\"color\":\"@baseColor5_5\",\"background-color\":\"@baseColor3_3\"}}},\"mobile_icon_active\":{\"mobile\":{\"base\":{\"color\":\"@baseColor5_5\",\"background-color\":\"@baseColor3_3\"}}},\"mobile_menu_container\":{\"mobile\":{\"base\":{\"border-color\":\"@baseColor3_3\"}}},\"mobile_menu_item\":{\"mobile\":{\"base\":{\"color\":\"@baseColor5_5\",\"text-decoration\":\"none\",\"background-color\":\"@baseColor3_3\"}}},\"mobile_menu_item_active\":{\"mobile\":{\"base\":{\"color\":\"@baseColor3_3\",\"text-decoration\":\"none\",\"background-color\":\"@baseColor5_5\"}}},\"mobile_menu_item_delimiter\":{\"mobile\":{\"base\":{\"border-color\":\"@baseColor3_3\"}}},\"mobile_menu_item_icon\":[],\"mobile_menu_item_icon_active\":[],\"mobile_sub_menu_container\":{\"mobile\":{\"base\":{\"background-color\":\"@baseColor3_3\"}}},\"mobile_sub_menu_item\":{\"mobile\":{\"base\":{\"color\":\"@baseColor5_5\",\"text-decoration\":\"none\",\"background-color\":\"transparent\"}}},\"mobile_sub_menu_item_active\":{\"mobile\":{\"base\":{\"color\":\"@baseColor3_3\",\"text-decoration\":\"none\",\"background-color\":\"@baseColor5_5\"}}},\"sub_menu_item_icon\":[],\"sub_menu_item_active\":{\"desktop\":{\"base\":{\"color\":\"@baseColor1_3\",\"text-decoration\":\"none\",\"background-color\":\"transparent\"},\"hover\":{\"color\":\"@baseColor1_3\",\"text-decoration\":\"\",\"background-color\":\"transparent\"}}},\"sub_menu_item_active_icon\":[],\"mobile_sub_menu_item_icon\":[],\"mobile_sub_menu_item_active_icon\":[]}','default','2017-09-18 09:24:30','2017-09-18 09:32:16'),(27,'Preset 3','menu','moto-preset-3',1,0,'{\"menu_container\":[],\"menu_item\":{\"desktop\":{\"base\":{\"font-family\":\"\'Open Sans\', sans-serif\",\"font-weight\":\"400\",\"font-style\":\"normal\",\"color\":\"@customColor3\",\"text-decoration\":\"none\",\"background-color\":\"transparent\"},\"hover\":{\"color\":\"@baseColor5_5\",\"text-decoration\":\"\",\"background-color\":\"@customColor3\"}}},\"menu_item_active\":{\"desktop\":{\"base\":{\"color\":\"@baseColor5_5\",\"text-decoration\":\"none\",\"background-color\":\"@customColor3\"},\"hover\":{\"color\":\"@baseColor5_5\",\"background-color\":\"@customColor3\"}}},\"menu_item_delimiter\":[],\"menu_item_icon\":{\"desktop\":{\"base\":{\"before\":{\"color\":\"@customColor3\"}},\"hover\":{\"before\":{\"color\":\"@baseColor5_5\"}}}},\"menu_item_icon_active\":{\"desktop\":{\"base\":{\"before\":{\"color\":\"@baseColor5_5\"}},\"hover\":{\"before\":{\"color\":\"@baseColor5_5\"}}}},\"sub_menu_container\":{\"desktop\":{\"base\":{\"background-color\":\"@customColor3\"}}},\"sub_menu_item\":{\"desktop\":{\"base\":{\"font-family\":\"\'Open Sans\', sans-serif\",\"font-weight\":\"400\",\"font-style\":\"normal\",\"color\":\"@baseColor5_5\",\"text-decoration\":\"none\",\"after\":{\"background-color\":\"@baseColor5_5\"},\"background-color\":\"transparent\"},\"hover\":{\"color\":\"@baseColor1_3\",\"text-decoration\":\"\",\"background-color\":\"transparent\"}}},\"mobile_icon\":{\"mobile\":{\"base\":{\"color\":\"@customColor3\",\"background-color\":\"@baseColor5_5\"}}},\"mobile_icon_active\":{\"mobile\":{\"base\":{\"color\":\"@customColor3\",\"background-color\":\"@baseColor5_5\"}}},\"mobile_menu_container\":{\"mobile\":{\"base\":{\"border-color\":\"@customColor3\"}}},\"mobile_menu_item\":{\"mobile\":{\"base\":{\"color\":\"@baseColor5_5\",\"text-decoration\":\"none\",\"background-color\":\"@customColor3\"}}},\"mobile_menu_item_active\":{\"mobile\":{\"base\":{\"color\":\"@customColor3\",\"text-decoration\":\"none\",\"background-color\":\"@baseColor5_5\"}}},\"mobile_menu_item_delimiter\":{\"mobile\":{\"base\":{\"border-color\":\"@customColor3\"}}},\"mobile_menu_item_icon\":[],\"mobile_menu_item_icon_active\":[],\"mobile_sub_menu_container\":{\"mobile\":{\"base\":{\"background-color\":\"@customColor3\"}}},\"mobile_sub_menu_item\":{\"mobile\":{\"base\":{\"color\":\"@baseColor5_5\",\"text-decoration\":\"none\",\"background-color\":\"transparent\"}}},\"mobile_sub_menu_item_active\":{\"mobile\":{\"base\":{\"color\":\"@customColor3\",\"text-decoration\":\"none\",\"background-color\":\"@baseColor5_5\"}}},\"sub_menu_item_icon\":[],\"sub_menu_item_active\":{\"desktop\":{\"base\":{\"color\":\"@baseColor1_3\",\"text-decoration\":\"none\",\"background-color\":\"transparent\"},\"hover\":{\"color\":\"@baseColor1_3\",\"text-decoration\":\"\",\"background-color\":\"transparent\"}}},\"sub_menu_item_active_icon\":[],\"mobile_sub_menu_item_icon\":[],\"mobile_sub_menu_item_active_icon\":[]}','default','2017-09-18 09:24:30','2017-09-18 09:34:32'),(28,'Preset 1','audio_player','moto-preset-default',1,0,'{\"widget_container\":{\"desktop\":{\"base\":{\"font-family\":\"tahoma, arial, helvetica, sans-serif\",\"font-weight\":\"400\",\"font-style\":\"normal\",\"color\":\"#81868c\",\"background-color\":\"#ffffff\",\"font-size\":\"12px\",\"border-color\":\"#d3d8db\"}}},\"buttons_normal\":{\"desktop\":{\"base\":{\"before\":{\"color\":\"#d3d8db\"},\"background-color\":\"transparent\"},\"hover\":{\"before\":{\"color\":\"#7f878a\"},\"background-color\":\"\"}}},\"buttons_active\":{\"desktop\":{\"base\":{\"background-color\":\"#d3d8db\",\"before\":{\"color\":\"#55616d\"}},\"hover\":{\"background-color\":\"\",\"before\":{\"color\":\"\"}}}},\"progress_bar\":{\"desktop\":{\"base\":{\"background-color\":\"#7f878a\"}}},\"volume_bar\":{\"desktop\":{\"base\":{\"background-color\":\"#7f878a\"}}}}','default','2017-09-18 09:24:30','2017-09-18 09:24:30'),(29,'Preset 1','pagination','moto-preset-default',1,0,'{\"pagination\":{\"desktop\":{\"base\":{\"font-family\":\"tahoma, arial, helvetica, sans-serif\",\"font-style\":\"normal\",\"font-weight\":\"400\",\"font-size\":\"14px\"}}},\"item\":{\"desktop\":{\"base\":{\"margin-right\":\"5px\"}}},\"item_link_active\":{\"desktop\":{\"base\":{\"font-style\":\"normal\",\"font-weight\":\"700\",\"color\":\"#2e3a46\",\"background-color\":\"\",\"border-color\":\"transparent\",\"text-decoration\":\"none\"}}},\"item_link\":{\"desktop\":{\"base\":{\"color\":\"#81868c\",\"background-color\":\"transparent\",\"border-color\":\"transparent\",\"border-width\":\"1px\",\"border-radius\":\"0%\",\"border-style\":\"solid\",\"text-decoration\":\"none\",\"width\":\"31px\",\"height\":\"31px\"},\"hover\":{\"color\":\"#d3d8db\",\"background-color\":\"\",\"border-color\":\"\",\"text-decoration\":\"\"}}}}','default','2017-09-18 09:24:30','2017-09-18 09:24:30'),(30,'Preset 1','countdown','moto-preset-default',1,0,'{\"general\":{\"desktop\":{\"base\":{\"font-family\":\"\'Merriweather\', serif\",\"font-weight\":\"400\",\"font-style\":\"normal\",\"color\":\"#81868c\",\"background-color\":\"transparent\",\"font-size\":\"12px\",\"height\":\"112px\",\"width\":\"112px\"}}},\"delimiter\":{\"desktop\":{\"base\":{\"min-width\":\"40px\",\"font-size\":\"25px\",\"color\":\"@baseColor5_5\"}}},\"text\":{\"desktop\":{\"base\":{\"color\":\"@baseColor1_3\",\"font-style\":\"normal\",\"font-weight\":\"400\",\"font-size\":\"18px\"}}},\"digits\":{\"desktop\":{\"base\":{\"color\":\"@baseColor5_5\",\"font-style\":\"normal\",\"font-weight\":\"400\",\"font-size\":\"27px\"}}},\"border\":{\"desktop\":{\"base\":{\"border-color\":\"@baseColor5_5\",\"border-top-width\":\"2px\",\"border-left-width\":\"2px\",\"border-right-width\":\"2px\",\"border-bottom-width\":\"2px\",\"border-style\":\"solid\",\"border-radius\":\"61px\"}}},\"input_placeholder\":{\"desktop\":{\"base\":{\"color\":\"\"}}},\"spacing\":{\"desktop\":{\"base\":[],\"hover\":[]},\"mobile\":{\"base\":[],\"hover\":[]}}}','default','2017-09-18 09:24:30','2017-09-18 09:49:33'),(31,'Preset 2','countdown','moto-preset-2',1,0,'{\"general\":{\"desktop\":{\"base\":{\"font-family\":\"\'Merriweather\', serif\",\"font-weight\":\"400\",\"font-style\":\"normal\",\"color\":\"#81868c\",\"background-color\":\"@baseColor1_3\",\"font-size\":\"12px\",\"height\":\"112px\",\"width\":\"112px\"}}},\"delimiter\":{\"desktop\":{\"base\":{\"min-width\":\"40px\",\"font-size\":\"25px\",\"color\":\"transparent\"}}},\"text\":{\"desktop\":{\"base\":{\"color\":\"@baseColor5_5\",\"font-style\":\"normal\",\"font-weight\":\"400\",\"font-size\":\"18px\"}}},\"digits\":{\"desktop\":{\"base\":{\"color\":\"@baseColor5_5\",\"font-style\":\"normal\",\"font-weight\":\"400\",\"font-size\":\"27px\"}}},\"border\":{\"desktop\":{\"base\":{\"border-color\":\"\",\"border-top-width\":\"0px\",\"border-left-width\":\"0px\",\"border-right-width\":\"0px\",\"border-bottom-width\":\"0px\",\"border-style\":\"none\",\"border-radius\":\"0px\"}}},\"input_placeholder\":{\"desktop\":{\"base\":{\"color\":\"\"}}},\"spacing\":{\"desktop\":{\"base\":[],\"hover\":[]},\"mobile\":{\"base\":[],\"hover\":[]}}}','default','2017-09-18 09:24:30','2017-09-18 09:50:10'),(32,'Preset 3','countdown','moto-preset-3',1,0,'{\"general\":{\"desktop\":{\"base\":{\"font-family\":\"\'Merriweather\', serif\",\"font-weight\":\"400\",\"font-style\":\"normal\",\"color\":\"#81868c\",\"background-color\":\"transparent\",\"font-size\":\"12px\",\"height\":\"112px\",\"width\":\"112px\"}}},\"delimiter\":{\"desktop\":{\"base\":{\"min-width\":\"40px\",\"font-size\":\"20px\",\"color\":\"transparent\"}}},\"text\":{\"desktop\":{\"base\":{\"color\":\"@baseColor2_3\",\"font-style\":\"normal\",\"font-weight\":\"400\",\"font-size\":\"18px\"}}},\"digits\":{\"desktop\":{\"base\":{\"color\":\"@baseColor2_3\",\"font-style\":\"normal\",\"font-weight\":\"400\",\"font-size\":\"27px\"}}},\"border\":{\"desktop\":{\"base\":{\"border-color\":\"@customColor3\",\"border-top-width\":\"3px\",\"border-left-width\":\"3px\",\"border-right-width\":\"3px\",\"border-bottom-width\":\"3px\",\"border-style\":\"solid\",\"border-radius\":\"5px\"}}},\"input_placeholder\":{\"desktop\":{\"base\":{\"color\":\"\"}}},\"spacing\":{\"desktop\":{\"base\":[],\"hover\":[]},\"mobile\":{\"base\":[],\"hover\":[]}}}','default','2017-09-18 09:24:30','2017-09-18 09:50:56'),(33,'Preset 1','accordion','moto-preset-default',1,0,'{\"collapse_icon\":{\"desktop\":{\"base\":{\"before\":{\"content\":{\"id\":\"angle-right\",\"provider\":\"FontAwesome\",\"unicode\":\"f105\"}},\"color\":\"@baseColor1_3\",\"font-size\":\"22px\"},\"hover\":{\"color\":\"@baseColor1_3\"}},\"tablet\":{\"base\":{\"font-size\":\"16px\"}},\"mobile-h\":{\"base\":{\"font-size\":\"14px\"}}},\"collapse_icon_opened\":{\"desktop\":{\"base\":{\"before\":{\"content\":{\"id\":\"angle-down\",\"provider\":\"FontAwesome\",\"unicode\":\"f107\"}},\"color\":\"@baseColor1_3\"},\"hover\":{\"color\":\"@baseColor1_3\"}}},\"content_opened\":{\"desktop\":{\"base\":{\"background-color\":\"transparent\",\"border-bottom-width\":\"0px\",\"border-color\":\"transparent\",\"border-left-width\":\"0px\",\"border-radius\":\"0px\",\"border-style\":\"none\",\"border-top-width\":\"0px\"},\"hover\":[]}},\"header\":{\"desktop\":{\"base\":{\"background-color\":\"transparent\",\"border-bottom-width\":\"0px\",\"border-color\":\"transparent\",\"border-left-width\":\"0px\",\"border-radius\":\"0px\",\"border-right-width\":\"0px\",\"border-style\":\"none\",\"border-top-width\":\"0px\",\"color\":\"@baseColor2_3\",\"font-family\":\"\'Raleway\', sans-serif\",\"font-size\":\"22px\",\"font-style\":\"normal\",\"font-weight\":\"500\"},\"hover\":{\"background-color\":\"\",\"border-color\":\"\",\"color\":\"@baseColor2_3\"}},\"tablet\":{\"base\":{\"font-size\":\"16px\"}},\"mobile-h\":{\"base\":{\"font-size\":\"14px\"}}},\"header_icon\":{\"desktop\":{\"base\":{\"color\":\"@baseColor2_3\",\"font-size\":\"22px\"},\"hover\":{\"color\":\"@baseColor2_3\"}},\"tablet\":{\"base\":{\"font-size\":\"16px\"}},\"mobile-h\":{\"base\":{\"font-size\":\"14px\"}},\"mobile-v\":{\"base\":{\"font-size\":\"14px\"}}},\"header_icon_opened\":{\"desktop\":{\"base\":{\"color\":\"@baseColor2_3\"},\"hover\":{\"color\":\"@baseColor2_3\"}}},\"header_opened\":{\"desktop\":{\"base\":{\"background-color\":\"transparent\",\"border-bottom-width\":\"0px\",\"border-color\":\"transparent\",\"border-radius\":\"0px\",\"border-style\":\"none\",\"color\":\"@baseColor2_3\"},\"hover\":{\"border-color\":\"\",\"color\":\"@baseColor2_3\"}}},\"header_title\":{\"desktop\":{\"base\":{\"text-decoration\":\"none\"},\"hover\":{\"text-decoration\":\"\"}}},\"header_title_opened\":{\"desktop\":{\"base\":{\"text-decoration\":\"none\"},\"hover\":{\"text-decoration\":\"\"}}},\"item\":{\"desktop\":{\"base\":{\"border-bottom-width\":\"1px\",\"border-color\":\"@baseColor2_3\",\"border-left-width\":\"0px\",\"border-radius\":\"0px\",\"border-right-width\":\"0px\",\"border-style\":\"solid\",\"border-top-width\":\"0px\",\"margin-bottom\":\"10px\"},\"hover\":{\"border-color\":\"@baseColor2_3\"}}},\"item_opened\":{\"desktop\":{\"base\":{\"border-bottom-width\":\"1px\",\"border-color\":\"@baseColor2_3\",\"border-left-width\":\"0px\",\"border-radius\":\"0px\",\"border-style\":\"solid\"},\"hover\":{\"border-color\":\"@baseColor2_3\"}}}}','default','2017-09-18 09:24:30','2017-09-18 09:24:30'),(34,'Preset 2','accordion','moto-preset-2',1,0,'{\"collapse_icon\":{\"desktop\":{\"base\":{\"before\":{\"content\":{\"provider\":\"FontAwesome\",\"id\":\"angle-double-up\",\"unicode\":\"f102\"}},\"color\":\"@baseColor1_3\",\"font-size\":\"22px\"},\"hover\":{\"color\":\"@baseColor1_3\"}},\"mobile-v\":{\"base\":{\"font-size\":\"14px\"}},\"mobile-h\":{\"base\":{\"font-size\":\"14px\"}},\"tablet\":{\"base\":{\"font-size\":\"16px\"}}},\"collapse_icon_opened\":{\"desktop\":{\"base\":{\"before\":{\"content\":{\"provider\":\"FontAwesome\",\"id\":\"angle-double-down\",\"unicode\":\"f103\"}},\"color\":\"@baseColor1_3\"},\"hover\":{\"color\":\"@baseColor1_3\"}}},\"content_opened\":{\"desktop\":{\"base\":{\"background-color\":\"transparent\",\"border-bottom-width\":\"0px\",\"border-color\":\"transparent\",\"border-left-width\":\"0px\",\"border-radius\":\"0px\",\"border-style\":\"none\",\"border-top-width\":\"0px\"},\"hover\":{\"background-color\":\"\"}}},\"header\":{\"desktop\":{\"base\":{\"background-color\":\"transparent\",\"border-bottom-width\":\"0px\",\"border-color\":\"transparent\",\"border-left-width\":\"0px\",\"border-radius\":\"0px\",\"border-right-width\":\"0px\",\"border-style\":\"none\",\"border-top-width\":\"0px\",\"color\":\"@baseColor2_3\",\"font-family\":\"\'Raleway\', sans-serif\",\"font-size\":\"22px\",\"font-style\":\"normal\",\"font-weight\":\"500\"},\"hover\":{\"background-color\":\"transparent\",\"border-color\":\"\",\"color\":\"@baseColor2_3\"}},\"mobile-v\":{\"base\":{\"font-size\":\"14px\"}},\"mobile-h\":{\"base\":{\"font-size\":\"14px\"}},\"tablet\":{\"base\":{\"font-size\":\"16px\"}}},\"header_icon\":{\"desktop\":{\"base\":{\"color\":\"@baseColor2_3\",\"font-size\":\"22px\"},\"hover\":{\"color\":\"@baseColor2_3\"}},\"mobile-v\":{\"base\":{\"font-size\":\"14px\"}},\"mobile-h\":{\"base\":{\"font-size\":\"14px\"}},\"tablet\":{\"base\":{\"font-size\":\"16px\"}}},\"header_icon_opened\":{\"desktop\":{\"base\":{\"color\":\"@baseColor2_3\"},\"hover\":[]}},\"header_opened\":{\"desktop\":{\"base\":{\"background-color\":\"transparent\",\"border-bottom-width\":\"0px\",\"border-color\":\"transparent\",\"border-radius\":\"0px\",\"border-style\":\"none\",\"color\":\"@baseColor2_3\"},\"hover\":{\"border-color\":\"\",\"color\":\"@baseColor2_3\"}}},\"header_title\":{\"desktop\":{\"base\":{\"text-decoration\":\"none\"},\"hover\":{\"text-decoration\":\"\"}}},\"header_title_opened\":{\"desktop\":{\"base\":{\"text-decoration\":\"none\"},\"hover\":{\"text-decoration\":\"\"}}},\"item\":{\"desktop\":{\"base\":{\"border-bottom-width\":\"1px\",\"border-color\":\"@baseColor2_3\",\"border-left-width\":\"0px\",\"border-radius\":\"0px\",\"border-right-width\":\"0px\",\"border-style\":\"solid\",\"border-top-width\":\"0px\",\"margin-bottom\":\"10px\"},\"hover\":{\"border-color\":\"@baseColor2_3\"}}},\"item_opened\":{\"desktop\":{\"base\":{\"border-bottom-width\":\"1px\",\"border-color\":\"@baseColor2_3\",\"border-left-width\":\"0px\",\"border-radius\":\"0px\",\"border-right-width\":\"0px\",\"border-style\":\"solid\",\"border-top-width\":\"0px\"},\"hover\":{\"border-color\":\"@baseColor2_3\"}}}}','default','2017-09-18 09:24:30','2017-09-18 09:24:30'),(35,'Preset 3','accordion','moto-preset-3',1,0,'{\"collapse_icon\":{\"desktop\":{\"base\":{\"before\":{\"content\":{\"id\":\"angle-right\",\"provider\":\"FontAwesome\",\"unicode\":\"f105\"}},\"color\":\"@baseColor5_5\",\"font-size\":\"22px\"},\"hover\":{\"color\":\"#ffffff\"}},\"tablet\":{\"base\":{\"font-size\":\"18px\"}},\"mobile-h\":{\"base\":{\"font-size\":\"14px\"}}},\"collapse_icon_opened\":{\"desktop\":{\"base\":{\"before\":{\"content\":{\"id\":\"angle-down\",\"provider\":\"FontAwesome\",\"unicode\":\"f107\"}},\"color\":\"#ffffff\"},\"hover\":{\"color\":\"\"}}},\"content_opened\":{\"desktop\":{\"base\":{\"background-color\":\"transparent\",\"border-bottom-width\":\"0px\",\"border-color\":\"transparent\",\"border-left-width\":\"0px\",\"border-radius\":\"0px\",\"border-style\":\"none\",\"border-top-width\":\"0px\"},\"hover\":[]}},\"header\":{\"desktop\":{\"base\":{\"background-color\":\"@baseColor1_3\",\"border-bottom-width\":\"0px\",\"border-color\":\"transparent\",\"border-left-width\":\"0px\",\"border-radius\":\"0px\",\"border-right-width\":\"0px\",\"border-style\":\"none\",\"border-top-width\":\"0px\",\"color\":\"@baseColor5_5\",\"font-family\":\"\'Raleway\', sans-serif\",\"font-size\":\"22px\",\"font-style\":\"normal\",\"font-weight\":\"500\"},\"hover\":{\"background-color\":\"@baseColor1_3\",\"border-color\":\"\",\"color\":\"#ffffff\"}},\"tablet\":{\"base\":{\"font-size\":\"18px\"}},\"mobile-h\":{\"base\":{\"font-size\":\"14px\"}}},\"header_icon\":{\"desktop\":{\"base\":{\"color\":\"@baseColor5_5\",\"font-size\":\"22px\"},\"hover\":{\"color\":\"#ffffff\"}},\"tablet\":{\"base\":{\"font-size\":\"18px\"}},\"mobile-h\":{\"base\":{\"font-size\":\"14px\"}}},\"header_icon_opened\":{\"desktop\":{\"base\":{\"color\":\"#ffffff\"},\"hover\":[]}},\"header_opened\":{\"desktop\":{\"base\":{\"background-color\":\"@baseColor1_3\",\"border-bottom-width\":\"0px\",\"border-color\":\"transparent\",\"border-radius\":\"0px\",\"border-style\":\"none\",\"color\":\"#ffffff\"},\"hover\":{\"background-color\":\"@baseColor1_3\",\"border-color\":\"\",\"color\":\"\"}}},\"header_title\":{\"desktop\":{\"base\":{\"text-decoration\":\"none\"},\"hover\":{\"text-decoration\":\"\"}}},\"header_title_opened\":{\"desktop\":{\"base\":{\"text-decoration\":\"none\"},\"hover\":{\"text-decoration\":\"\"}}},\"item\":{\"desktop\":{\"base\":{\"border-bottom-width\":\"0px\",\"border-color\":\"transparent\",\"border-left-width\":\"0px\",\"border-radius\":\"0px\",\"border-right-width\":\"0px\",\"border-style\":\"none\",\"border-top-width\":\"0px\",\"margin-bottom\":\"10px\"},\"hover\":{\"border-color\":\"\"}}},\"item_opened\":{\"desktop\":{\"base\":{\"border-bottom-width\":\"0px\",\"border-color\":\"transparent\",\"border-left-width\":\"0px\",\"border-radius\":\"0px\",\"border-style\":\"none\"},\"hover\":[]}}}','default','2017-09-18 09:24:30','2017-09-18 09:24:31');
INSERT  IGNORE INTO `styles` (`id`, `name`, `tag`, `class_name`, `type`, `is_system`, `is_responsive`, `properties`, `link`, `modified`, `created`) VALUES (1,'Medium Text','','moto-text_normal','text',1,1,'{\"desktop\":{\"base\":{\"font-weight\":\"400\",\"font-style\":\"normal\",\"font-family\":\"\'Open Sans\', sans-serif\",\"color\":\"@customColor3\",\"font-size\":\"16px\",\"line-height\":1.5,\"letter-spacing\":\"0px\"}},\"tablet\":{\"base\":{\"font-size\":\"14px\",\"line-height\":1.5,\"letter-spacing\":\"0px\"}},\"mobile-h\":{\"base\":{\"font-size\":\"14px\",\"line-height\":1.5,\"letter-spacing\":\"0px\"}},\"mobile-v\":{\"base\":{\"font-size\":\"14px\",\"line-height\":1.5,\"letter-spacing\":\"0px\"}}}','{\"desktop\":{\"base\":{\"color\":\"@customColor3\",\"text-decoration\":\"none\",\"font-weight\":\"400\",\"font-style\":\"normal\"},\"hover\":{\"text-decoration\":\"none\",\"font-weight\":\"400\",\"font-style\":\"normal\",\"color\":\"@baseColor1_3\"}},\"tablet\":{\"base\":[]},\"mobile-h\":{\"base\":[]},\"mobile-v\":{\"base\":[]}}','2017-09-19 07:03:29','2014-11-03 17:50:04'),(2,'Site Title','','moto-text_system_1','text',1,1,'{\"desktop\":{\"base\":{\"font-weight\":\"700\",\"font-style\":\"normal\",\"font-family\":\"\'Merriweather\', serif\",\"color\":\"@baseColor3_3\",\"font-size\":\"26px\",\"line-height\":1.1,\"letter-spacing\":\"1px\"}},\"tablet\":{\"base\":{\"font-size\":\"22px\",\"line-height\":1.1,\"letter-spacing\":\"1px\"}},\"mobile-h\":{\"base\":{\"font-size\":\"25px\",\"line-height\":1.1,\"letter-spacing\":\"1px\"}},\"mobile-v\":{\"base\":{\"font-size\":\"25px\",\"line-height\":1.1,\"letter-spacing\":\"1px\"}}}','{\"desktop\":{\"base\":{\"color\":\"@baseColor3_3\",\"text-decoration\":\"none\",\"font-weight\":\"700\",\"font-style\":\"normal\"},\"hover\":{\"text-decoration\":\"none\",\"font-weight\":\"700\",\"font-style\":\"normal\",\"color\":\"@baseColor3_3\"}},\"tablet\":{\"base\":[]},\"mobile-h\":{\"base\":[]},\"mobile-v\":{\"base\":[]}}','2017-09-19 07:54:19','2014-11-03 17:50:04'),(3,'Tagline','','moto-text_system_2','text',1,1,'{\"desktop\":{\"base\":{\"font-weight\":\"300\",\"font-style\":\"italic\",\"font-family\":\"\'Merriweather\', serif\",\"color\":\"@customColor5\",\"font-size\":\"12px\",\"line-height\":1.2,\"letter-spacing\":\"0px\"}},\"tablet\":{\"base\":{\"font-size\":\"12px\",\"line-height\":1.2,\"letter-spacing\":\"0px\"}},\"mobile-h\":{\"base\":{\"font-size\":\"12px\",\"line-height\":1.2,\"letter-spacing\":\"0px\"}},\"mobile-v\":{\"base\":{\"font-size\":\"12px\",\"line-height\":1.2,\"letter-spacing\":\"0px\"}}}','{\"desktop\":{\"base\":{\"color\":\"@customColor5\",\"text-decoration\":\"none\",\"font-weight\":\"300\",\"font-style\":\"italic\"},\"hover\":{\"text-decoration\":\"none\",\"font-weight\":\"300\",\"font-style\":\"italic\",\"color\":\"@customColor5\"}},\"tablet\":{\"base\":[]},\"mobile-h\":{\"base\":[]},\"mobile-v\":{\"base\":[]}}','2017-09-19 06:53:59','2014-11-03 17:50:04'),(4,'Heading XXL','','moto-text_system_3','text',1,1,'{\"desktop\":{\"base\":{\"font-weight\":\"300\",\"font-style\":\"normal\",\"font-family\":\"\'Ubuntu\', sans-serif\",\"color\":\"@baseColor2_3\",\"font-size\":\"48px\",\"line-height\":1.1,\"letter-spacing\":\"0px\"}},\"tablet\":{\"base\":{\"font-size\":\"36px\",\"line-height\":1,\"letter-spacing\":\"0px\"}},\"mobile-h\":{\"base\":{\"font-size\":\"26px\",\"line-height\":1,\"letter-spacing\":\"0px\"}},\"mobile-v\":{\"base\":{\"font-size\":\"26px\",\"line-height\":1,\"letter-spacing\":\"0px\"}}}','{\"desktop\":{\"base\":{\"color\":\"@baseColor2_3\",\"text-decoration\":\"none\",\"font-weight\":\"300\",\"font-style\":\"normal\"},\"hover\":{\"text-decoration\":\"none\",\"font-weight\":\"300\",\"font-style\":\"normal\",\"color\":\"@baseColor1_3\"}},\"tablet\":{\"base\":[]},\"mobile-h\":{\"base\":[]},\"mobile-v\":{\"base\":[]}}','2017-09-18 09:24:28','2014-11-03 17:50:04'),(5,'Heading XL','','moto-text_system_4','text',1,1,'{\"desktop\":{\"base\":{\"font-weight\":\"400\",\"font-style\":\"normal\",\"font-family\":\"\'Merriweather\', serif\",\"color\":\"@baseColor5_5\",\"font-size\":\"64px\",\"line-height\":1.3,\"letter-spacing\":\"0px\"}},\"tablet\":{\"base\":{\"font-size\":\"30px\",\"line-height\":1.3,\"letter-spacing\":\"0px\"}},\"mobile-h\":{\"base\":{\"font-size\":\"25px\",\"line-height\":1.3,\"letter-spacing\":\"0px\"}},\"mobile-v\":{\"base\":{\"font-size\":\"23px\",\"line-height\":1.3,\"letter-spacing\":\"0px\"}}}','{\"desktop\":{\"base\":{\"color\":\"@baseColor5_5\",\"text-decoration\":\"none\",\"font-weight\":\"400\",\"font-style\":\"normal\"},\"hover\":{\"text-decoration\":\"none\",\"font-weight\":\"400\",\"font-style\":\"normal\",\"color\":\"@baseColor1_3\"}},\"tablet\":{\"base\":[]},\"mobile-h\":{\"base\":[]},\"mobile-v\":{\"base\":[]}}','2017-09-19 07:46:33','2014-11-03 17:50:04'),(6,'Heading L','','moto-text_system_5','text',1,1,'{\"desktop\":{\"base\":{\"font-weight\":\"300\",\"font-style\":\"normal\",\"font-family\":\"\'Ubuntu\', sans-serif\",\"color\":\"@customColor2\",\"font-size\":\"48px\",\"line-height\":1,\"letter-spacing\":\"0px\"}},\"tablet\":{\"base\":{\"font-size\":\"36px\",\"line-height\":1,\"letter-spacing\":\"0px\"}},\"mobile-h\":{\"base\":{\"font-size\":\"26px\",\"line-height\":1,\"letter-spacing\":\"0px\"}},\"mobile-v\":{\"base\":{\"font-size\":\"26px\",\"line-height\":1,\"letter-spacing\":\"0px\"}}}','{\"desktop\":{\"base\":{\"color\":\"@customColor2\",\"text-decoration\":\"none\",\"font-weight\":\"300\",\"font-style\":\"normal\"},\"hover\":{\"text-decoration\":\"none\",\"font-weight\":\"300\",\"font-style\":\"normal\",\"color\":\"@baseColor2_3\"}},\"tablet\":{\"base\":[]},\"mobile-h\":{\"base\":[]},\"mobile-v\":{\"base\":[]}}','2017-09-18 09:24:28','2014-11-03 17:50:04'),(7,'Heading M','','moto-text_system_6','text',1,1,'{\"desktop\":{\"base\":{\"font-weight\":\"400\",\"font-style\":\"normal\",\"font-family\":\"\'Merriweather\', serif\",\"color\":\"@baseColor3_3\",\"font-size\":\"40px\",\"line-height\":1.3,\"letter-spacing\":\"0px\"}},\"tablet\":{\"base\":{\"font-size\":\"22px\",\"line-height\":1.3,\"letter-spacing\":\"0px\"}},\"mobile-h\":{\"base\":{\"font-size\":\"22px\",\"line-height\":1.3,\"letter-spacing\":\"0px\"}},\"mobile-v\":{\"base\":{\"font-size\":\"19px\",\"line-height\":1.3,\"letter-spacing\":\"0px\"}}}','{\"desktop\":{\"base\":{\"color\":\"@baseColor3_3\",\"text-decoration\":\"none\",\"font-weight\":\"400\",\"font-style\":\"normal\"},\"hover\":{\"text-decoration\":\"none\",\"font-weight\":\"400\",\"font-style\":\"normal\",\"color\":\"@baseColor1_3\"}},\"tablet\":{\"base\":[]},\"mobile-h\":{\"base\":[]},\"mobile-v\":{\"base\":[]}}','2017-09-20 06:33:10','2014-11-03 17:50:04'),(8,'Heading S','','moto-text_system_7','text',1,1,'{\"desktop\":{\"base\":{\"font-weight\":\"400\",\"font-style\":\"normal\",\"font-family\":\"\'Merriweather\', serif\",\"color\":\"@baseColor1_3\",\"font-size\":\"24px\",\"line-height\":1.4,\"letter-spacing\":\"0px\"}},\"tablet\":{\"base\":{\"font-size\":\"19px\",\"line-height\":1.2,\"letter-spacing\":\"0px\"}},\"mobile-h\":{\"base\":{\"font-size\":\"18px\",\"line-height\":1.2,\"letter-spacing\":\"0px\"}},\"mobile-v\":{\"base\":{\"font-size\":\"18px\",\"line-height\":1.2,\"letter-spacing\":\"0px\"}}}','{\"desktop\":{\"base\":{\"color\":\"@baseColor1_3\",\"text-decoration\":\"none\",\"font-weight\":\"400\",\"font-style\":\"normal\"},\"hover\":{\"text-decoration\":\"none\",\"font-weight\":\"400\",\"font-style\":\"normal\",\"color\":\"@baseColor3_3\"}},\"tablet\":{\"base\":[]},\"mobile-h\":{\"base\":[]},\"mobile-v\":{\"base\":[]}}','2017-09-20 06:32:43','2014-11-03 17:50:04'),(9,'Heading XS','','moto-text_system_8','text',1,1,'{\"desktop\":{\"base\":{\"font-weight\":\"400\",\"font-style\":\"normal\",\"font-family\":\"\'Merriweather\', serif\",\"color\":\"@baseColor3_3\",\"font-size\":\"18px\",\"line-height\":1.7,\"letter-spacing\":\"0px\"}},\"tablet\":{\"base\":{\"font-size\":\"16px\",\"line-height\":1.5,\"letter-spacing\":\"0px\"}},\"mobile-h\":{\"base\":{\"font-size\":\"15px\",\"line-height\":1.5,\"letter-spacing\":\"0px\"}},\"mobile-v\":{\"base\":{\"font-size\":\"15px\",\"line-height\":1.5,\"letter-spacing\":\"0px\"}}}','{\"desktop\":{\"base\":{\"color\":\"@baseColor3_3\",\"text-decoration\":\"none\",\"font-weight\":\"400\",\"font-style\":\"normal\"},\"hover\":{\"text-decoration\":\"none\",\"font-weight\":\"400\",\"font-style\":\"normal\",\"color\":\"@baseColor1_3\"}},\"tablet\":{\"base\":[]},\"mobile-h\":{\"base\":[]},\"mobile-v\":{\"base\":[]}}','2017-09-20 06:32:34','2014-11-03 17:50:04'),(10,'Large Text','','moto-text_system_9','text',1,1,'{\"desktop\":{\"base\":{\"font-weight\":\"400\",\"font-style\":\"normal\",\"font-family\":\"\'Merriweather\', serif\",\"color\":\"@baseColor5_5\",\"font-size\":\"20px\",\"line-height\":1.5,\"letter-spacing\":\"0px\"}},\"tablet\":{\"base\":{\"font-size\":\"18px\",\"line-height\":1.5,\"letter-spacing\":\"0px\"}},\"mobile-h\":{\"base\":{\"font-size\":\"16px\",\"line-height\":1.5,\"letter-spacing\":\"0px\"}},\"mobile-v\":{\"base\":{\"font-size\":\"16px\",\"line-height\":1.5,\"letter-spacing\":\"0px\"}}}','{\"desktop\":{\"base\":{\"color\":\"@baseColor5_5\",\"text-decoration\":\"none\",\"font-weight\":\"400\",\"font-style\":\"normal\"},\"hover\":{\"text-decoration\":\"none\",\"font-weight\":\"400\",\"font-style\":\"normal\",\"color\":\"@baseColor1_3\"}},\"tablet\":{\"base\":[]},\"mobile-h\":{\"base\":[]},\"mobile-v\":{\"base\":[]}}','2017-09-19 06:56:15','2014-11-03 17:50:04'),(11,'Small Text','','moto-text_system_10','text',1,1,'{\"desktop\":{\"base\":{\"font-weight\":\"400\",\"font-style\":\"normal\",\"font-family\":\"\'Open Sans\', sans-serif\",\"color\":\"@customColor3\",\"font-size\":\"14px\",\"line-height\":1.5,\"letter-spacing\":\"0px\"}},\"tablet\":{\"base\":{\"font-size\":\"14px\",\"line-height\":1.5,\"letter-spacing\":\"0px\"}},\"mobile-h\":{\"base\":{\"font-size\":\"14px\",\"line-height\":1.5,\"letter-spacing\":\"0px\"}},\"mobile-v\":{\"base\":{\"font-size\":\"14px\",\"line-height\":1.5,\"letter-spacing\":\"0px\"}}}','{\"desktop\":{\"base\":{\"color\":\"@customColor3\",\"text-decoration\":\"none\",\"font-weight\":\"400\",\"font-style\":\"normal\"},\"hover\":{\"text-decoration\":\"none\",\"font-weight\":\"400\",\"font-style\":\"normal\",\"color\":\"@baseColor1_3\"}},\"tablet\":{\"base\":[]},\"mobile-h\":{\"base\":[]},\"mobile-v\":{\"base\":[]}}','2017-09-19 07:06:09','2014-11-03 17:50:04'),(12,'Extrasmall Text','','moto-text_system_11','text',1,1,'{\"desktop\":{\"base\":{\"font-weight\":\"300\",\"font-style\":\"normal\",\"font-family\":\"\'Ubuntu\', sans-serif\",\"color\":\"@customColor2\",\"font-size\":\"14px\",\"line-height\":1.7,\"letter-spacing\":\"0px\"}},\"tablet\":{\"base\":{\"font-size\":\"14px\",\"line-height\":1.7,\"letter-spacing\":\"0px\"}},\"mobile-h\":{\"base\":{\"font-size\":\"14px\",\"line-height\":1.7,\"letter-spacing\":\"0px\"}},\"mobile-v\":{\"base\":{\"font-size\":\"14px\",\"line-height\":1.7,\"letter-spacing\":\"0px\"}}}','{\"desktop\":{\"base\":{\"color\":\"@customColor2\",\"text-decoration\":\"none\",\"font-weight\":\"300\",\"font-style\":\"normal\"},\"hover\":{\"text-decoration\":\"none\",\"font-weight\":\"300\",\"font-style\":\"normal\",\"color\":\"@baseColor1_3\"}},\"tablet\":{\"base\":[]},\"mobile-h\":{\"base\":[]},\"mobile-v\":{\"base\":[]}}','2017-09-18 09:24:28','2014-11-03 17:50:04'),(13,'Custom Text 1','','moto-text_system_12','text',1,1,'{\"desktop\":{\"base\":{\"font-weight\":\"400\",\"font-style\":\"normal\",\"font-family\":\"\'Merriweather\', serif\",\"color\":\"@baseColor1_3\",\"font-size\":\"30px\",\"line-height\":1.2,\"letter-spacing\":\"0px\"}},\"tablet\":{\"base\":{\"font-size\":\"22px\",\"line-height\":1.2,\"letter-spacing\":\"0px\"}},\"mobile-h\":{\"base\":{\"font-size\":\"19px\",\"line-height\":1.2,\"letter-spacing\":\"0px\"}},\"mobile-v\":{\"base\":{\"font-size\":\"19px\",\"line-height\":1.2,\"letter-spacing\":\"0px\"}}}','{\"desktop\":{\"base\":{\"color\":\"@baseColor1_3\",\"text-decoration\":\"none\",\"font-weight\":\"400\",\"font-style\":\"normal\"},\"hover\":{\"text-decoration\":\"none\",\"font-weight\":\"400\",\"font-style\":\"normal\",\"color\":\"@baseColor3_3\"}},\"tablet\":{\"base\":[]},\"mobile-h\":{\"base\":[]},\"mobile-v\":{\"base\":[]}}','2017-09-19 07:05:03','2014-11-03 17:50:04'),(14,'Custom Text 2','','moto-text_system_13','text',1,1,'{\"desktop\":{\"base\":{\"font-weight\":\"400\",\"font-style\":\"normal\",\"font-family\":\"\'Open Sans\', sans-serif\",\"color\":\"@baseColor3_3\",\"font-size\":\"16px\",\"line-height\":1.5,\"letter-spacing\":\"0px\"}},\"tablet\":{\"base\":{\"font-size\":\"14px\",\"line-height\":1.5,\"letter-spacing\":\"0px\"}},\"mobile-h\":{\"base\":{\"font-size\":\"14px\",\"line-height\":1.5,\"letter-spacing\":\"0px\"}},\"mobile-v\":{\"base\":{\"font-size\":\"14px\",\"line-height\":1.5,\"letter-spacing\":\"0px\"}}}','{\"desktop\":{\"base\":{\"color\":\"@baseColor3_3\",\"text-decoration\":\"underline\",\"font-weight\":\"400\",\"font-style\":\"normal\"},\"hover\":{\"text-decoration\":\"none\",\"font-weight\":\"400\",\"font-style\":\"normal\",\"color\":\"@baseColor3_3\"}},\"tablet\":{\"base\":[]},\"mobile-h\":{\"base\":[]},\"mobile-v\":{\"base\":[]}}','2017-09-20 06:38:34','2014-11-03 17:50:04'),(15,'Custom Text 3','','moto-text_system_14','text',1,1,'{\"desktop\":{\"base\":{\"font-weight\":\"400\",\"font-style\":\"normal\",\"font-family\":\"\'Ubuntu\', sans-serif\",\"color\":\"@baseColor2_3\",\"font-size\":\"14px\",\"line-height\":1.2,\"letter-spacing\":\"0px\"}},\"tablet\":{\"base\":{\"font-size\":\"10px\",\"line-height\":1.2,\"letter-spacing\":\"0px\"}},\"mobile-h\":{\"base\":{\"font-size\":\"12px\",\"line-height\":1.2,\"letter-spacing\":\"0px\"}},\"mobile-v\":{\"base\":{\"font-size\":\"12px\",\"line-height\":1.2,\"letter-spacing\":\"0px\"}}}','{\"desktop\":{\"base\":{\"color\":\"@baseColor2_3\",\"text-decoration\":\"none\",\"font-weight\":\"400\",\"font-style\":\"normal\"},\"hover\":{\"text-decoration\":\"none\",\"font-weight\":\"400\",\"font-style\":\"normal\",\"color\":\"@baseColor1_3\"}},\"tablet\":{\"base\":[]},\"mobile-h\":{\"base\":[]},\"mobile-v\":{\"base\":[]}}','2017-09-18 09:24:28','2014-11-03 17:50:04'),(16,'Body','','moto-background','background',1,0,'{\"desktop\":{\"base\":{\"background-color\":\"@baseColor5_5\"}},\"tablet\":{\"base\":[]},\"mobile-h\":{\"base\":[]},\"mobile-v\":{\"base\":[]}}','[]','2017-09-19 07:06:49','2014-11-03 17:50:04'),(17,'Background 1','','moto-background_1','background',1,0,'{\"desktop\":{\"base\":{\"background-color\":\"@baseColor5_3\",\"background-size\":\"cover\",\"background-position\":\"top\",\"background-repeat\":\"no-repeat\",\"background-attachment\":\"fixed\",\"background-image\":\"2017\\/09\\/mt-1174-system-page-bg.jpg\"}},\"tablet\":{\"base\":[]},\"mobile-h\":{\"base\":[]},\"mobile-v\":{\"base\":[]}}','[]','2017-09-19 11:37:06','2014-11-03 17:50:04'),(18,'Background 2','','moto-background_2','background',1,0,'{\"desktop\":{\"base\":{\"background-color\":\"@baseColor1_3\"}},\"tablet\":{\"base\":[]},\"mobile-h\":{\"base\":[]},\"mobile-v\":{\"base\":[]}}','[]','2017-09-19 07:07:09','2014-11-03 17:50:04'),(181,'moto-container_header_566a9775','','moto-container_header_566a9775','widget',0,0,'{\"desktop\":{\"base\":{\"margin-top\":\"0px\",\"margin-bottom\":\"0px\",\"margin-left\":\"0px\",\"margin-right\":\"0px\",\"padding-top\":\"0px\",\"padding-bottom\":\"0px\",\"padding-left\":\"0px\",\"padding-right\":\"0px\",\"background-color\":\"transparent\",\"border-style\":\"none\",\"border-color\":\"#fff\",\"border-left-width\":\"0px\",\"border-right-width\":\"0px\",\"border-top-width\":\"0px\",\"border-bottom-width\":\"0px\",\"border-top-left-radius\":\"0px\",\"border-top-right-radius\":\"0px\",\"border-bottom-left-radius\":\"0px\",\"border-bottom-right-radius\":\"0px\"}},\"tablet\":{\"base\":[]},\"mobile-h\":{\"base\":[]},\"mobile-v\":{\"base\":[]},\"parallax\":\"0\",\"fixed\":\"0\"}','[]','2016-09-20 09:44:10','2015-12-11 09:29:27'),(183,'moto-container_footer_566a97cc','','moto-container_footer_566a97cc','widget',0,0,'{\"desktop\":{\"base\":{\"margin-top\":\"0px\",\"margin-bottom\":\"0px\",\"margin-left\":\"0px\",\"margin-right\":\"0px\",\"padding-top\":\"0px\",\"padding-bottom\":\"0px\",\"padding-left\":\"0px\",\"padding-right\":\"0px\",\"background-color\":\"transparent\",\"border-style\":\"none\",\"border-color\":\"#fff\",\"border-left-width\":\"0px\",\"border-right-width\":\"0px\",\"border-top-width\":\"0px\",\"border-bottom-width\":\"0px\",\"border-top-left-radius\":\"0px\",\"border-top-right-radius\":\"0px\",\"border-bottom-left-radius\":\"0px\",\"border-bottom-right-radius\":\"0px\"}},\"tablet\":{\"base\":[]},\"mobile-h\":{\"base\":[]},\"mobile-v\":{\"base\":[]},\"parallax\":\"0\",\"fixed\":\"0\"}','[]','2016-09-05 16:28:58','2015-12-11 09:30:54'),(192,'moto-container_content_57174585','','moto-container_content_57174585','widget',0,0,'{\"desktop\":{\"base\":{\"margin-top\":\"0px\",\"margin-bottom\":\"0px\",\"margin-left\":\"0px\",\"margin-right\":\"0px\",\"padding-top\":\"90px\",\"padding-bottom\":\"90px\",\"padding-left\":\"0px\",\"padding-right\":\"0px\",\"background-color\":\"transparent\",\"border-style\":\"none\",\"border-color\":\"#fff\",\"border-left-width\":\"0px\",\"border-right-width\":\"0px\",\"border-top-width\":\"0px\",\"border-bottom-width\":\"0px\",\"border-top-left-radius\":\"0px\",\"border-top-right-radius\":\"0px\",\"border-bottom-left-radius\":\"0px\",\"border-bottom-right-radius\":\"0px\"}},\"tablet\":{\"base\":[]},\"mobile-h\":{\"base\":[]},\"mobile-v\":{\"base\":[]},\"parallax\":\"0\",\"fixed\":\"0\"}','[]','2016-09-01 15:09:11','2016-09-01 15:09:11'),(193,'moto-container_content_57c050ff1','','moto-container_content_57c050ff1','widget',0,0,'{\"desktop\":{\"base\":{\"margin-top\":\"0px\",\"margin-bottom\":\"0px\",\"margin-left\":\"0px\",\"margin-right\":\"0px\",\"padding-top\":\"0px\",\"padding-bottom\":\"0px\",\"padding-left\":\"0px\",\"padding-right\":\"0px\",\"background-color\":\"@baseColor5_5\",\"border-style\":\"none\",\"border-color\":\"#fff\",\"border-left-width\":\"0px\",\"border-right-width\":\"0px\",\"border-top-width\":\"0px\",\"border-bottom-width\":\"0px\",\"border-top-left-radius\":\"0px\",\"border-top-right-radius\":\"0px\",\"border-bottom-left-radius\":\"0px\",\"border-bottom-right-radius\":\"0px\"}},\"tablet\":{\"base\":[]},\"mobile-h\":{\"base\":[]},\"mobile-v\":{\"base\":[]},\"parallax\":\"0\",\"fixed\":\"0\"}','[]','2016-09-01 15:09:11','2016-09-01 15:09:11'),(194,'moto-container_content_566aa10a','','moto-container_content_566aa10a','widget',0,0,'{\"desktop\":{\"base\":{\"margin-top\":\"0px\",\"margin-bottom\":\"0px\",\"margin-left\":\"0px\",\"margin-right\":\"0px\",\"padding-top\":\"0px\",\"padding-bottom\":\"0px\",\"padding-left\":\"0px\",\"padding-right\":\"0px\",\"background-color\":\"transparent\",\"border-style\":\"none\",\"border-color\":\"#fff\",\"border-left-width\":\"0px\",\"border-right-width\":\"0px\",\"border-top-width\":\"0px\",\"border-bottom-width\":\"0px\",\"border-top-left-radius\":\"0px\",\"border-top-right-radius\":\"0px\",\"border-bottom-left-radius\":\"0px\",\"border-bottom-right-radius\":\"0px\"}},\"tablet\":{\"base\":[]},\"mobile-h\":{\"base\":[]},\"mobile-v\":{\"base\":[]},\"parallax\":\"0\",\"fixed\":\"0\"}','[]','2016-09-01 15:09:11','2016-09-01 15:09:11'),(195,'moto-container_content_566a97c1','','moto-container_content_566a97c1','widget',0,0,'{\"desktop\":{\"base\":{\"margin-top\":\"0px\",\"margin-bottom\":\"0px\",\"margin-left\":\"0px\",\"margin-right\":\"0px\",\"padding-top\":\"0px\",\"padding-bottom\":\"0px\",\"padding-left\":\"0px\",\"padding-right\":\"0px\",\"background-color\":\"#aaaaaa\",\"border-style\":\"none\",\"border-color\":\"#fff\",\"border-left-width\":\"0px\",\"border-right-width\":\"0px\",\"border-top-width\":\"0px\",\"border-bottom-width\":\"0px\",\"border-top-left-radius\":\"0px\",\"border-top-right-radius\":\"0px\",\"border-bottom-left-radius\":\"0px\",\"border-bottom-right-radius\":\"0px\"}},\"tablet\":{\"base\":[]},\"mobile-h\":{\"base\":[]},\"mobile-v\":{\"base\":[]},\"parallax\":\"0\",\"fixed\":\"0\"}','[]','2016-09-01 15:09:11','2016-09-01 15:09:11'),(210,'moto-container_content_59c1020a1','','moto-container_content_59c1020a1','widget',0,0,'{\"desktop\":{\"base\":{\"margin-top\":\"0px\",\"margin-bottom\":\"0px\",\"margin-left\":\"0px\",\"margin-right\":\"0px\",\"padding-top\":\"0px\",\"padding-bottom\":\"0px\",\"padding-left\":\"0px\",\"padding-right\":\"0px\",\"background-color\":\"rgba(255, 255, 255, 0.7)\",\"border-style\":\"none\",\"border-color\":\"#fff\",\"border-left-width\":\"0px\",\"border-right-width\":\"0px\",\"border-top-width\":\"0px\",\"border-bottom-width\":\"0px\",\"border-top-left-radius\":\"0px\",\"border-top-right-radius\":\"0px\",\"border-bottom-left-radius\":\"0px\",\"border-bottom-right-radius\":\"0px\"}},\"tablet\":{\"base\":[]},\"mobile-h\":{\"base\":[]},\"mobile-v\":{\"base\":[]}}','[]','2017-09-19 11:46:32','2017-09-19 11:41:44'),(211,'moto-container_content_59c103d72','','moto-container_content_59c103d72','widget',0,0,'{\"desktop\":{\"base\":{\"margin-top\":\"0px\",\"margin-bottom\":\"0px\",\"margin-left\":\"0px\",\"margin-right\":\"0px\",\"padding-top\":\"0px\",\"padding-bottom\":\"0px\",\"padding-left\":\"0px\",\"padding-right\":\"0px\",\"background-color\":\"rgba(255, 255, 255, 0.7)\",\"border-style\":\"none\",\"border-color\":\"#fff\",\"border-left-width\":\"0px\",\"border-right-width\":\"0px\",\"border-top-width\":\"0px\",\"border-bottom-width\":\"0px\",\"border-top-left-radius\":\"0px\",\"border-top-right-radius\":\"0px\",\"border-bottom-left-radius\":\"0px\",\"border-bottom-right-radius\":\"0px\"}},\"tablet\":{\"base\":[]},\"mobile-h\":{\"base\":[]},\"mobile-v\":{\"base\":[]}}','[]','2017-09-19 11:48:34','2017-09-19 11:46:50'),(212,'moto-container_content_59c104623','','moto-container_content_59c104623','widget',0,0,'{\"desktop\":{\"base\":{\"margin-top\":\"0px\",\"margin-bottom\":\"0px\",\"margin-left\":\"0px\",\"margin-right\":\"0px\",\"padding-top\":\"0px\",\"padding-bottom\":\"0px\",\"padding-left\":\"0px\",\"padding-right\":\"0px\",\"background-color\":\"rgba(255, 255, 255, 0.7)\",\"border-style\":\"none\",\"border-color\":\"#fff\",\"border-left-width\":\"0px\",\"border-right-width\":\"0px\",\"border-top-width\":\"0px\",\"border-bottom-width\":\"0px\",\"border-top-left-radius\":\"0px\",\"border-top-right-radius\":\"0px\",\"border-bottom-left-radius\":\"0px\",\"border-bottom-right-radius\":\"0px\"}},\"tablet\":{\"base\":[]},\"mobile-h\":{\"base\":[]},\"mobile-v\":{\"base\":[]}}','[]','2017-09-20 07:34:38','2017-09-19 11:50:35');

INSERT  IGNORE INTO `settings` (`name`, `value`) VALUES ('website.main_page', '1');
UPDATE `settings` SET `value` = '1' WHERE `name` = 'website.main_page';
INSERT  IGNORE INTO `settings` (`name`, `value`) VALUES ('website.favicon', '2017/09/mt-1174-favicon.ico');
UPDATE `settings` SET `value` = '2017/09/mt-1174-favicon.ico' WHERE `name` = 'website.favicon';
INSERT  IGNORE INTO `settings` (`name`, `value`) VALUES ('website.back_to_top_button', '{\"enabled\":true,\"topOffset\":300,\"animationTime\":500}');
UPDATE `settings` SET `value` = '{\"enabled\":true,\"topOffset\":300,\"animationTime\":500}' WHERE `name` = 'website.back_to_top_button';
INSERT  IGNORE INTO `settings` (`name`, `type`, `value`) VALUES ('website.content_section_blog', 'object', '{\"enabled\":true,\"page_id\":\"3\",\"show_comments\":true,\"date_format\":\"d.m.Y\",\"post_template\":\"moto-template-blog-post\",\"build\":1,\"design\":{\"post_list\":{\"feature_image\":{\"preset\":\"default\"},\"title\":{\"font_style\":\"moto-text_system_7\"},\"meta\":{\"font_style\":\"moto-text_system_11\"},\"button\":{\"preset\":\"5\",\"size\":\"small\"},\"divider\":{\"preset\":\"default\"}},\"recent_posts\":{\"feature_image\":{\"preset\":\"default\"},\"heading\":{\"font_style\":\"moto-text_system_7\"},\"title\":{\"font_style\":\"moto-text_system_8\"}}}}');
UPDATE `settings` SET `value` = '{\"enabled\":true,\"page_id\":\"3\",\"show_comments\":true,\"date_format\":\"d.m.Y\",\"post_template\":\"moto-template-blog-post\",\"build\":1,\"design\":{\"post_list\":{\"feature_image\":{\"preset\":\"default\"},\"title\":{\"font_style\":\"moto-text_system_7\"},\"meta\":{\"font_style\":\"moto-text_system_11\"},\"button\":{\"preset\":\"5\",\"size\":\"small\"},\"divider\":{\"preset\":\"default\"}},\"recent_posts\":{\"feature_image\":{\"preset\":\"default\"},\"heading\":{\"font_style\":\"moto-text_system_7\"},\"title\":{\"font_style\":\"moto-text_system_8\"}}}}' WHERE `name` = 'website.content_section_blog';
INSERT  IGNORE INTO `settings` (`name`, `value`) VALUES ('website.password_protected_page_id', '6');
UPDATE `settings` SET `value` = '6' WHERE `name` = 'website.password_protected_page_id';
INSERT  IGNORE INTO `settings` (`name`, `type`, `value`) VALUES ('website.under_construction', 'object', '{\"enabled\":false,\"page_id\":7}');
UPDATE `settings` SET `value` = '{\"enabled\":false,\"page_id\":7}' WHERE `name` = 'website.under_construction';
